Student_ID,Age,Gender,Semester,CGPA,Attendance_Percentage,DSA_Score,Programming_Score,Database_Score,WebDev_Score,ML_Score,Python_Skill,JavaScript_Skill,Project_Complexity,Communication_Score,Presentation_Score,Problem_Solving_Score,Leadership_Score,Teamwork_Score,Aptitude_Test_Score,Projects_Count,Certifications_Count,Hackathons_Participated,Internship_Experience,GitHub_Repo_Count,LinkedIn_Profile_Strength,Volunteer_Activities,Research_Papers,Workshops_Attended,Coding_Contest_Rating,Mock_Interview_Score,English_Proficiency_Score,Technical_Skill_Index,Soft_Skill_Index,Experience_Index,Employability_Score,Recommended_Career_Path
STU204,20.0,Male,6.0,3.15,69.93,40.57,57.95,33.85,74.23,32.18,46.42,68.51,Low,61.91,56.33,47.24,69.77,69.38,70.56,5.0,4.0,1.0,1.2,4.0,94.35,1.0,0.0,3.0,774.0,62.72,77.99,4.83,5.9,0.95,63.69,UI/UX Designer
STU267,23.0,Male,8.0,3.44,85.46,69.33,63.64,66.77,36.17,49.37,64.0,8.59,High,83.53,47.1,65.45,66.58,77.72,81.12,3.0,5.0,1.0,0.3,14.0,75.0,1.0,0.0,5.0,1244.0,79.03,59.37,5.9,6.92,0.78,83.38,Cybersecurity Analyst
STU153,23.0,Female,8.0,3.03,82.88,55.95,68.36,55.25,97.65,29.79,57.89,84.11,Medium,54.45,70.01,73.01,65.5,82.37,63.83,8.0,3.0,2.0,0.6,23.0,62.13,1.0,0.0,4.0,1070.0,67.99,77.34,6.15,6.75,1.24,73.81,Web Developer
STU010,24.0,Male,8.0,3.15,97.61,82.77,85.42,79.84,47.09,60.55,78.13,42.62,High,69.6,73.29,70.16,63.92,66.94,75.1,5.0,4.0,3.0,0.7,18.0,90.78,3.0,2.0,5.0,1381.0,75.83,74.51,7.38,6.95,1.17,100.0,Software Engineer
STU234,24.0,Other,8.0,3.01,84.85,33.41,44.71,24.72,77.51,31.55,33.08,71.02,Low,79.62,62.51,63.65,44.33,73.23,60.19,3.0,3.0,0.0,0.7,11.0,95.02,2.0,1.0,2.0,757.0,64.93,78.52,4.12,6.77,0.68,65.83,UI/UX Designer
STU227,22.0,Female,8.0,2.86,79.09,36.71,41.15,31.48,82.81,23.7,39.9,59.71,Low,75.45,65.41,60.61,65.23,64.33,69.05,4.0,3.0,0.0,0.3,13.0,79.12,1.0,0.0,1.0,420.0,65.11,89.44,4.23,6.7,0.64,64.3,UI/UX Designer
STU197,22.0,Female,6.0,2.88,74.06,54.08,84.23,52.78,80.47,31.84,44.64,82.21,Medium,60.13,81.26,90.9,72.42,75.84,75.22,4.0,4.0,1.0,0.7,22.0,79.76,3.0,0.0,0.0,839.0,79.66,72.58,6.11,7.56,1.02,77.98,Web Developer
STU110,24.0,Female,8.0,3.16,89.93,75.73,59.46,78.95,33.43,69.82,69.17,32.08,Medium,64.13,64.23,79.17,58.22,76.23,81.24,4.0,3.0,1.0,0.3,12.0,73.59,0.0,0.0,0.0,888.0,68.34,77.31,6.43,6.91,0.7,85.06,Data Analyst
STU006,22.0,Male,4.0,3.5,76.56,83.82,92.69,60.1,46.8,50.22,87.08,57.5,High,72.32,70.93,64.86,87.39,76.74,69.25,5.0,3.0,2.0,0.6,12.0,86.67,1.0,1.0,5.0,1691.0,88.4,62.09,7.22,7.23,0.92,98.69,Software Engineer
STU176,22.0,Other,6.0,2.8,70.63,52.87,60.43,43.05,75.26,37.21,49.55,100.0,Medium,64.35,70.43,67.3,72.35,62.21,69.28,2.0,6.0,3.0,0.6,23.0,66.01,3.0,1.0,0.0,792.0,68.86,60.18,5.4,6.68,1.17,74.98,Web Developer
STU238,21.0,Female,8.0,3.18,72.75,34.49,48.74,50.48,81.37,19.95,47.89,62.45,Low,71.42,71.14,57.15,72.3,85.46,59.88,7.0,0.0,2.0,0.4,4.0,88.8,3.0,1.0,7.0,607.0,67.98,72.25,4.66,7.0,0.69,65.05,UI/UX Designer
STU058,20.0,Other,5.0,3.72,81.37,66.53,85.14,64.34,48.49,88.18,83.39,18.85,High,82.6,70.93,60.17,58.74,77.65,84.99,5.0,6.0,4.0,0.2,17.0,70.35,2.0,3.0,3.0,1278.0,66.68,81.1,7.31,7.15,1.19,93.04,Machine Learning Engineer
STU219,21.0,Male,7.0,2.7,70.88,41.88,42.07,36.33,75.16,18.04,46.6,63.16,Low,70.43,64.94,56.51,57.78,63.91,57.22,5.0,4.0,0.0,0.8,5.0,75.82,0.0,1.0,5.0,546.0,61.6,86.62,4.3,6.36,0.77,58.6,UI/UX Designer
STU046,21.0,Male,4.0,3.31,74.98,75.05,90.32,78.54,68.48,45.82,94.15,45.95,High,77.82,62.17,70.29,72.41,78.98,65.85,6.0,2.0,4.0,0.6,19.0,89.47,1.0,1.0,2.0,1439.0,79.13,64.93,7.59,7.24,1.19,95.06,Software Engineer
STU183,22.0,Female,6.0,3.13,81.53,47.17,69.88,52.83,84.17,13.02,50.16,86.88,Medium,61.98,71.73,62.44,63.5,65.98,51.28,6.0,5.0,1.0,0.3,22.0,70.87,2.0,1.0,3.0,990.0,60.47,81.46,5.44,6.48,1.05,73.01,Web Developer
STU222,25.0,Male,8.0,2.9,80.35,37.47,47.51,43.51,78.67,40.26,35.78,54.54,Low,51.64,81.89,73.42,69.58,85.66,72.03,5.0,5.0,0.0,1.1,11.0,80.96,3.0,0.0,2.0,725.0,58.78,67.7,4.73,7.0,0.99,65.66,UI/UX Designer
STU290,22.0,Female,5.0,2.47,70.32,63.98,84.76,76.63,43.41,61.51,77.81,37.32,High,63.42,75.6,79.63,59.4,69.69,61.58,2.0,5.0,2.0,0.5,19.0,75.74,0.0,0.0,2.0,1182.0,65.54,73.68,6.9,7.04,0.94,74.79,Cybersecurity Analyst
STU212,24.0,Male,4.0,2.97,69.83,46.13,41.69,43.69,59.82,36.38,29.45,65.1,Low,58.47,77.68,75.99,77.6,75.25,75.89,2.0,3.0,1.0,0.7,10.0,74.17,2.0,1.0,1.0,727.0,78.17,75.43,4.36,7.11,0.69,65.53,UI/UX Designer
STU149,22.0,Male,5.0,3.37,73.97,78.31,67.44,91.52,59.14,73.58,70.99,30.51,Medium,68.57,78.97,50.09,83.41,83.22,67.29,4.0,0.0,3.0,0.5,4.0,76.92,4.0,3.0,5.0,1276.0,66.95,69.4,7.33,6.97,0.65,83.16,Data Analyst
STU166,21.0,Male,6.0,2.34,76.18,55.63,74.27,56.32,79.71,25.16,63.42,84.74,Medium,68.58,69.36,79.29,72.65,74.59,58.9,2.0,5.0,0.0,0.9,15.0,56.17,1.0,1.0,0.0,667.0,70.91,85.96,6.02,7.27,0.84,71.7,Web Developer
STU079,25.0,Female,6.0,3.33,81.21,71.24,86.26,59.71,43.56,89.76,90.04,29.33,High,67.17,83.46,80.11,47.57,58.03,84.19,3.0,4.0,4.0,0.5,20.0,67.37,0.0,0.0,4.0,1349.0,81.01,72.7,7.38,7.03,1.12,92.34,Machine Learning Engineer
STU114,22.0,Female,4.0,3.26,83.81,63.08,72.33,85.51,51.47,79.11,75.88,38.11,Medium,58.84,65.06,59.12,54.21,51.97,83.54,6.0,2.0,0.0,0.3,8.0,76.92,1.0,0.0,4.0,1157.0,73.38,76.64,7.07,5.87,0.61,91.11,Data Analyst
STU250,21.0,Male,5.0,3.5,78.72,33.4,41.06,23.92,61.41,44.46,51.41,65.53,Low,67.57,68.57,70.75,62.42,83.43,81.07,6.0,1.0,0.0,0.3,5.0,81.98,2.0,0.0,2.0,359.0,67.94,75.5,4.16,7.04,0.52,68.65,UI/UX Designer
STU251,20.0,Male,6.0,2.91,82.66,71.6,83.44,81.19,63.63,44.28,88.06,45.58,High,63.43,55.52,60.26,63.23,79.54,78.96,1.0,4.0,1.0,0.6,2.0,68.16,1.0,3.0,3.0,1158.0,85.04,84.68,7.24,6.35,0.54,83.14,Cybersecurity Analyst
STU105,22.0,Male,4.0,2.72,87.52,60.88,62.42,72.11,58.52,77.29,61.13,14.35,Medium,77.45,58.77,76.99,66.91,68.33,85.55,2.0,3.0,1.0,0.5,15.0,87.62,0.0,1.0,4.0,1466.0,64.91,83.7,6.51,7.12,0.7,83.11,Data Analyst
STU043,22.0,Female,7.0,3.56,91.49,79.44,89.11,59.22,50.28,57.0,80.4,44.53,High,77.19,77.96,64.43,47.94,87.01,71.17,4.0,4.0,3.0,0.5,18.0,92.56,3.0,0.0,3.0,1859.0,94.45,70.77,7.12,7.27,1.06,100.0,Software Engineer
STU282,23.0,Male,7.0,2.69,88.18,64.85,74.73,62.12,44.87,39.94,77.96,43.69,High,75.17,72.58,80.88,65.18,78.2,80.83,4.0,5.0,2.0,0.0,17.0,60.1,1.0,1.0,3.0,1618.0,79.6,69.36,6.15,7.55,0.86,81.44,Cybersecurity Analyst
STU296,24.0,Male,7.0,3.14,81.05,70.88,72.32,67.05,38.81,57.52,77.33,36.37,High,62.22,63.57,69.3,84.35,81.47,77.82,3.0,4.0,1.0,0.8,18.0,89.63,4.0,2.0,2.0,1266.0,63.76,83.35,6.45,6.94,0.94,77.37,Cybersecurity Analyst
STU158,21.0,Male,5.0,3.15,90.65,53.19,63.04,72.7,90.35,36.76,52.31,86.02,Medium,66.9,67.73,86.56,61.4,77.1,75.86,5.0,3.0,0.0,0.0,13.0,90.86,1.0,0.0,4.0,586.0,62.84,82.77,6.16,7.3,0.59,79.81,Web Developer
STU239,21.0,Male,5.0,2.96,69.31,27.45,49.08,50.42,64.76,26.35,49.54,65.28,Low,80.71,66.12,50.29,46.13,66.38,80.11,3.0,3.0,1.0,0.2,10.0,85.68,1.0,0.0,0.0,356.0,69.42,63.27,4.39,6.46,0.59,66.0,UI/UX Designer
STU018,24.0,Female,8.0,3.28,84.0,86.57,80.25,67.81,66.08,62.09,90.77,72.72,High,78.06,44.74,87.11,42.67,81.97,83.22,1.0,4.0,3.0,0.3,23.0,81.38,4.0,0.0,2.0,1416.0,90.08,80.87,7.59,7.07,0.93,99.15,Software Engineer
STU165,19.0,Male,6.0,2.6,76.71,49.37,64.84,55.74,84.4,43.74,48.73,93.96,Medium,70.12,66.06,68.04,56.99,79.55,69.16,5.0,4.0,3.0,0.5,22.0,77.29,1.0,0.0,4.0,876.0,62.99,83.99,5.85,6.89,1.17,73.81,Web Developer
STU034,22.0,Male,5.0,3.43,82.51,78.63,73.27,57.64,65.03,23.78,87.05,44.34,High,71.21,64.06,67.73,56.35,76.84,87.45,3.0,3.0,2.0,0.9,15.0,81.73,0.0,2.0,5.0,1601.0,65.09,82.05,6.47,6.83,0.95,93.45,Software Engineer
STU025,22.0,Male,7.0,3.34,91.03,78.82,91.8,57.79,59.42,53.18,85.94,59.47,High,69.2,63.35,80.87,48.14,77.01,70.51,6.0,3.0,4.0,1.3,20.0,79.45,2.0,0.0,1.0,1842.0,74.5,63.58,7.29,7.0,1.46,100.0,Software Engineer
STU216,19.0,Male,7.0,3.01,79.34,40.34,50.49,23.48,88.97,27.73,14.75,66.26,Low,79.91,75.47,74.98,70.4,70.96,56.33,2.0,1.0,1.0,0.8,12.0,89.24,3.0,2.0,0.0,396.0,73.49,91.75,4.32,7.55,0.65,66.15,UI/UX Designer
STU120,24.0,Male,6.0,3.22,85.2,71.83,62.04,88.58,43.56,67.37,77.87,22.92,Medium,88.38,56.32,77.21,72.56,53.23,89.08,5.0,2.0,0.0,0.3,12.0,80.57,1.0,2.0,1.0,920.0,83.26,78.11,6.76,7.23,0.62,92.06,Data Analyst
STU008,22.0,Male,6.0,3.73,82.51,78.6,88.49,88.52,41.33,51.86,73.71,50.28,High,59.22,60.85,78.8,56.24,74.16,93.29,4.0,4.0,4.0,0.7,20.0,88.48,1.0,0.0,0.0,1374.0,71.83,74.46,7.25,6.64,1.23,98.58,Software Engineer
STU091,24.0,Male,8.0,3.74,67.46,75.57,84.92,67.91,43.18,90.61,88.39,36.78,High,73.78,81.68,68.44,58.11,67.8,55.34,4.0,5.0,1.0,0.0,20.0,79.3,1.0,0.0,3.0,1386.0,59.85,58.95,7.54,7.16,0.83,84.4,Machine Learning Engineer
STU047,21.0,Female,7.0,3.38,83.65,89.23,86.83,67.05,64.02,43.08,94.73,43.89,High,66.22,39.29,70.39,75.8,79.78,96.27,3.0,3.0,3.0,0.6,17.0,86.86,2.0,1.0,2.0,1361.0,86.42,77.55,7.51,6.49,0.97,98.25,Software Engineer
STU074,21.0,Male,6.0,3.58,82.35,66.51,66.75,74.0,53.81,80.25,93.45,24.97,High,67.66,60.16,65.09,54.01,63.68,89.76,2.0,3.0,3.0,0.1,21.0,82.68,1.0,0.0,3.0,1233.0,68.85,73.33,7.05,6.36,0.83,93.36,Machine Learning Engineer
STU094,23.0,Female,4.0,3.31,79.16,81.91,67.72,71.88,37.58,73.97,83.17,20.37,High,42.97,69.87,61.45,81.69,69.3,77.79,5.0,4.0,2.0,0.8,12.0,73.81,1.0,0.0,0.0,1354.0,70.73,83.43,6.91,6.08,1.03,89.6,Machine Learning Engineer
STU077,23.0,Male,7.0,3.24,72.22,72.99,65.13,52.09,22.17,91.44,91.74,33.14,High,72.09,61.31,61.8,58.9,65.39,80.41,2.0,4.0,3.0,1.0,12.0,78.81,2.0,0.0,2.0,1458.0,73.07,65.33,6.49,6.5,1.02,89.49,Machine Learning Engineer
STU287,26.0,Male,5.0,3.03,78.57,75.76,75.83,57.11,55.17,66.56,66.95,36.24,High,42.55,72.05,63.54,45.68,79.53,76.51,2.0,7.0,2.0,0.3,7.0,80.06,2.0,0.0,1.0,1263.0,70.71,63.18,6.76,5.96,0.81,79.66,Cybersecurity Analyst
STU061,25.0,Female,7.0,3.11,55.84,67.88,63.97,65.08,27.61,88.36,91.39,43.61,High,71.84,86.01,84.39,67.52,67.08,73.07,2.0,3.0,1.0,0.3,15.0,77.26,1.0,3.0,1.0,1385.0,76.48,82.07,6.59,7.67,0.65,86.6,Machine Learning Engineer
STU078,22.0,Female,4.0,3.6,72.75,70.08,80.78,62.33,35.75,94.55,93.58,40.28,High,87.09,65.37,75.64,72.62,75.57,69.41,5.0,4.0,4.0,0.5,13.0,77.66,2.0,0.0,0.0,938.0,86.06,83.15,7.25,7.67,1.11,90.57,Machine Learning Engineer
STU064,27.0,Male,8.0,3.83,85.72,89.3,83.49,59.85,37.37,88.13,92.74,18.19,High,77.18,72.38,72.2,73.07,77.92,79.2,3.0,3.0,4.0,0.8,8.0,92.71,3.0,1.0,2.0,1667.0,74.5,70.46,7.58,7.47,0.98,94.36,Machine Learning Engineer
STU235,23.0,Female,5.0,2.96,82.24,28.55,48.0,43.3,76.92,23.82,9.95,70.65,Low,69.05,70.35,79.37,42.72,83.41,57.14,7.0,3.0,0.0,0.6,11.0,90.17,0.0,0.0,5.0,1162.0,69.45,72.18,4.03,7.14,0.84,66.11,UI/UX Designer
STU230,23.0,Male,6.0,3.19,80.43,21.07,36.84,35.54,69.43,19.77,46.3,59.31,Low,79.38,65.62,62.75,57.82,66.16,60.74,5.0,3.0,0.0,0.5,7.0,91.0,0.0,1.0,3.0,297.0,63.83,94.65,3.68,6.83,0.66,65.61,UI/UX Designer
STU112,22.0,Female,6.0,3.37,73.42,72.97,59.16,81.86,41.97,70.19,72.89,34.39,Medium,57.47,40.78,81.43,65.18,82.48,70.29,4.0,3.0,1.0,0.9,16.0,66.9,1.0,2.0,3.0,742.0,82.17,62.62,6.58,6.46,0.94,87.07,Data Analyst
STU232,22.0,Female,4.0,3.59,66.46,33.45,52.18,50.53,71.24,23.52,29.11,67.89,Low,71.0,67.12,67.43,64.03,66.58,71.61,7.0,3.0,0.0,0.5,1.0,91.03,3.0,0.0,2.0,725.0,75.45,86.43,4.44,6.8,0.67,66.71,UI/UX Designer
STU181,24.0,Female,7.0,2.81,78.27,43.16,80.28,46.7,96.87,27.15,44.23,90.95,Medium,64.22,77.45,73.37,50.74,66.03,58.29,8.0,3.0,3.0,0.6,24.0,77.1,0.0,0.0,5.0,1003.0,77.07,81.05,5.87,6.81,1.33,73.46,Web Developer
STU145,22.0,Male,6.0,3.26,98.05,59.13,62.52,82.69,39.79,54.86,71.91,34.48,Medium,88.33,60.49,51.56,63.81,75.77,80.04,2.0,4.0,1.0,1.0,8.0,86.05,0.0,1.0,4.0,717.0,80.02,65.4,6.12,6.92,0.8,90.5,Data Analyst
STU240,23.0,Female,8.0,3.33,84.88,43.67,42.64,37.1,73.48,29.77,48.3,67.55,Low,56.82,62.42,71.52,75.42,91.28,61.47,5.0,2.0,2.0,0.7,10.0,94.22,2.0,0.0,1.0,712.0,58.47,69.16,4.53,6.86,0.87,66.38,UI/UX Designer
STU076,24.0,Female,6.0,3.36,74.66,61.94,70.18,60.8,23.4,75.13,92.66,40.49,High,80.06,56.54,58.37,73.49,72.09,74.27,1.0,2.0,3.0,0.7,16.0,69.9,1.0,0.0,4.0,885.0,84.76,84.65,6.31,6.81,0.84,90.32,Machine Learning Engineer
STU298,19.0,Female,4.0,3.25,75.12,85.45,78.93,58.07,48.27,44.74,65.41,32.6,High,58.23,51.06,76.8,69.09,68.75,77.53,1.0,4.0,3.0,0.2,4.0,65.54,3.0,0.0,2.0,1099.0,83.47,83.94,6.6,6.41,0.61,84.89,Cybersecurity Analyst
STU279,22.0,Female,5.0,3.52,83.58,68.41,71.75,65.77,33.85,30.54,72.9,32.03,High,76.07,82.11,68.9,58.11,80.72,80.65,2.0,6.0,1.0,0.7,13.0,80.28,1.0,1.0,4.0,1280.0,70.56,79.1,5.84,7.44,0.89,85.6,Cybersecurity Analyst
STU098,24.0,Male,8.0,3.4,80.61,67.71,63.2,58.33,45.33,86.1,89.89,28.14,High,67.27,82.43,49.94,58.45,63.3,79.15,4.0,5.0,3.0,0.8,4.0,78.76,0.0,3.0,6.0,1362.0,70.12,76.19,6.68,6.45,0.99,89.0,Machine Learning Engineer
STU093,25.0,Male,8.0,3.17,61.95,66.34,78.38,60.79,24.83,84.75,91.41,21.23,High,63.37,56.5,62.16,61.74,66.0,75.08,1.0,4.0,3.0,0.0,15.0,78.06,2.0,1.0,4.0,977.0,75.61,62.34,6.76,6.19,0.71,84.94,Machine Learning Engineer
STU193,22.0,Female,8.0,2.99,85.73,61.86,61.74,53.78,84.16,30.45,60.33,86.74,Medium,83.57,72.94,70.62,62.2,77.48,77.7,2.0,3.0,2.0,0.6,16.0,82.98,0.0,1.0,4.0,899.0,80.26,76.28,5.91,7.52,0.83,78.4,Web Developer
STU026,20.0,Female,6.0,3.62,69.27,76.36,86.8,72.3,39.15,26.39,82.9,59.55,High,76.37,65.55,63.17,57.22,80.02,89.55,5.0,3.0,2.0,1.0,16.0,84.18,0.0,0.0,1.0,1399.0,82.12,76.74,6.59,6.95,1.1,97.53,Software Engineer
STU233,21.0,Female,4.0,2.61,90.51,46.48,39.2,40.43,73.0,22.35,58.18,53.74,Low,77.13,57.74,78.07,82.61,71.7,65.48,2.0,5.0,0.0,0.7,4.0,87.74,2.0,0.0,4.0,759.0,71.55,99.99,4.53,7.32,0.62,66.52,UI/UX Designer
STU060,24.0,Female,8.0,3.54,75.05,79.71,71.92,71.58,41.41,95.26,82.8,31.81,High,73.13,83.4,65.04,76.54,60.73,72.96,5.0,5.0,3.0,0.5,13.0,89.55,1.0,0.0,2.0,1300.0,78.98,95.09,7.34,7.16,1.08,91.68,Machine Learning Engineer
STU007,20.0,Male,5.0,2.82,84.69,100.0,87.81,69.91,61.91,51.07,82.56,61.06,High,70.51,65.83,67.25,57.69,63.86,81.41,4.0,3.0,3.0,0.4,18.0,78.58,4.0,0.0,8.0,1271.0,79.86,50.82,7.76,6.65,0.98,92.94,Software Engineer
STU186,20.0,Male,4.0,3.11,62.7,53.9,67.11,57.57,82.96,36.74,49.99,84.39,Medium,84.74,75.97,75.37,45.52,65.0,72.49,5.0,2.0,1.0,1.2,29.0,60.38,1.0,0.0,3.0,1216.0,63.97,74.41,5.91,7.38,1.23,70.0,Web Developer
STU174,21.0,Male,5.0,3.13,65.0,53.66,86.79,53.9,91.55,28.93,74.42,81.26,Medium,44.93,70.97,73.39,61.58,70.94,77.32,5.0,2.0,2.0,0.7,15.0,62.04,1.0,0.0,2.0,1054.0,68.38,100.0,6.6,6.28,0.94,75.4,Web Developer
STU031,27.0,Male,5.0,3.21,87.59,94.58,91.85,65.43,65.73,58.99,91.47,55.6,High,73.93,76.95,78.35,77.59,66.65,89.59,5.0,3.0,2.0,0.6,11.0,84.5,2.0,0.0,4.0,1813.0,67.51,87.17,7.95,7.49,0.91,96.43,Software Engineer
STU023,24.0,Female,8.0,3.56,92.77,86.32,80.8,61.64,57.78,47.97,89.36,64.5,High,71.27,60.4,71.97,64.17,46.22,89.66,5.0,2.0,2.0,0.4,22.0,77.01,2.0,1.0,3.0,1959.0,76.2,68.39,7.15,6.48,0.96,100.0,Software Engineer
STU257,24.0,Female,6.0,3.05,85.31,79.89,78.32,79.05,47.85,53.62,77.04,46.74,High,69.03,66.76,63.94,39.56,84.48,79.35,1.0,5.0,1.0,0.4,16.0,59.31,0.0,0.0,1.0,1269.0,92.69,78.32,7.03,6.67,0.74,88.54,Cybersecurity Analyst
STU057,23.0,Male,8.0,3.16,80.04,78.88,69.72,46.97,52.72,99.35,87.69,29.54,High,65.24,66.98,76.09,51.82,68.38,81.18,3.0,5.0,2.0,0.5,3.0,76.26,1.0,1.0,0.0,1297.0,71.85,55.96,7.18,6.74,0.76,86.97,Machine Learning Engineer
STU187,23.0,Male,7.0,3.66,82.17,50.1,60.43,52.88,96.22,41.99,54.68,89.56,Medium,66.72,53.74,75.94,74.95,65.68,64.43,5.0,3.0,3.0,0.8,8.0,79.92,0.0,0.0,3.0,676.0,73.27,76.91,5.93,6.71,1.0,79.29,Web Developer
STU109,22.0,Female,8.0,3.08,97.35,75.07,74.17,82.16,55.07,72.69,73.18,26.76,Medium,70.01,75.82,64.09,55.64,82.82,77.57,3.0,3.0,1.0,0.8,12.0,72.11,3.0,1.0,3.0,1043.0,62.66,60.5,7.24,7.02,0.8,88.94,Data Analyst
STU127,23.0,Male,4.0,3.33,87.75,57.25,66.24,95.4,64.73,70.52,61.66,35.63,Medium,69.81,68.67,65.68,61.26,77.13,68.98,3.0,1.0,1.0,0.4,10.0,78.36,1.0,0.0,1.0,865.0,81.38,53.92,6.88,6.88,0.55,89.05,Data Analyst
STU231,23.0,Male,5.0,2.82,91.94,47.95,52.22,36.0,76.34,28.13,33.04,68.28,Low,68.4,74.18,86.56,77.38,57.91,66.38,6.0,2.0,2.0,0.7,8.0,88.45,2.0,1.0,1.0,899.0,74.34,78.45,4.7,7.34,0.89,71.46,UI/UX Designer
STU194,22.0,Female,6.0,2.77,81.28,47.17,67.67,49.63,81.03,30.13,57.61,86.95,Medium,62.33,64.91,67.64,79.95,64.79,64.18,7.0,3.0,3.0,0.7,19.0,82.62,5.0,0.0,6.0,881.0,59.99,91.26,5.62,6.63,1.24,71.83,Web Developer
STU130,23.0,Female,8.0,3.1,77.23,71.23,56.12,92.56,60.29,72.1,70.12,36.45,Medium,76.83,66.61,84.05,59.69,68.59,75.75,2.0,3.0,0.0,0.3,6.0,76.61,1.0,0.0,5.0,826.0,65.9,68.33,6.9,7.36,0.43,87.55,Data Analyst
STU283,22.0,Female,4.0,3.35,76.88,56.75,86.29,68.72,49.3,38.73,82.73,48.97,High,86.14,68.3,74.99,65.88,64.34,61.12,4.0,7.0,2.0,0.5,14.0,68.52,5.0,1.0,2.0,1414.0,83.47,77.2,6.47,7.45,1.07,82.03,Cybersecurity Analyst
STU083,22.0,Female,8.0,3.64,84.18,73.23,70.85,50.35,43.73,85.61,99.1,39.53,High,83.31,76.47,77.0,53.24,100.0,73.97,3.0,5.0,3.0,0.7,13.0,76.94,1.0,0.0,5.0,1132.0,81.7,62.97,6.92,7.99,1.04,93.49,Machine Learning Engineer
STU085,23.0,Female,8.0,3.51,68.59,54.66,76.95,70.82,42.82,89.42,84.68,18.34,High,77.81,59.53,71.75,42.37,68.06,91.52,1.0,2.0,3.0,0.7,9.0,75.17,2.0,1.0,2.0,1229.0,66.29,62.14,6.91,6.76,0.73,91.4,Machine Learning Engineer
STU067,23.0,Other,6.0,3.71,78.77,74.95,76.55,65.03,27.31,83.83,84.58,34.7,High,61.27,67.8,67.13,55.45,75.39,90.88,1.0,5.0,2.0,0.0,25.0,67.69,0.0,0.0,4.0,1348.0,57.28,66.42,6.9,6.56,0.83,88.5,Machine Learning Engineer
STU289,22.0,Female,7.0,3.14,82.7,66.72,77.42,60.61,47.78,59.97,69.38,19.03,High,61.75,75.35,57.38,63.35,57.26,86.19,4.0,6.0,3.0,0.6,18.0,74.2,1.0,1.0,3.0,1460.0,67.26,71.04,6.49,6.29,1.19,82.57,Cybersecurity Analyst
STU164,26.0,Male,8.0,3.04,80.82,60.08,69.31,54.15,97.79,31.37,69.09,100.0,Medium,79.8,75.68,79.6,49.0,63.52,71.38,8.0,4.0,2.0,0.9,16.0,75.65,0.0,2.0,5.0,1303.0,73.52,69.05,6.37,7.34,1.27,78.36,Web Developer
STU155,23.0,Female,8.0,2.58,70.85,50.64,60.68,55.82,90.63,30.9,52.35,92.43,Medium,56.95,81.48,79.12,67.22,57.49,63.77,8.0,4.0,1.0,0.8,17.0,81.08,1.0,0.0,4.0,924.0,72.14,81.44,5.71,6.85,1.18,69.47,Web Developer
STU020,24.0,Female,7.0,3.8,80.32,74.62,83.62,57.33,74.15,37.03,89.63,59.75,High,60.52,52.44,44.15,66.94,79.75,81.19,2.0,3.0,3.0,1.0,8.0,67.83,1.0,0.0,2.0,1603.0,72.58,78.72,7.01,5.83,0.91,94.39,Software Engineer
STU125,23.0,Male,7.0,2.73,79.82,74.17,58.78,97.35,29.7,83.04,72.02,32.57,Medium,59.6,61.92,70.63,76.49,74.08,78.4,2.0,5.0,1.0,0.5,10.0,88.56,0.0,0.0,8.0,1354.0,56.14,77.08,6.82,6.67,0.73,79.57,Data Analyst
STU080,24.0,Female,8.0,3.62,92.71,60.81,66.73,56.09,33.11,80.43,99.95,35.3,High,72.56,60.51,55.0,55.34,87.05,83.61,4.0,3.0,2.0,0.6,19.0,65.92,3.0,1.0,4.0,1603.0,63.89,61.45,6.43,6.62,0.97,88.49,Machine Learning Engineer
STU115,19.0,Female,8.0,3.35,76.75,63.69,66.7,82.04,34.84,58.89,62.2,22.83,Medium,75.14,68.35,52.31,72.86,80.11,91.69,4.0,3.0,3.0,0.4,7.0,87.21,1.0,1.0,5.0,1312.0,86.48,64.06,6.2,6.86,0.81,94.29,Data Analyst
STU119,19.0,Female,7.0,3.93,78.6,60.09,72.49,88.25,50.49,82.27,83.03,36.37,Medium,69.0,67.7,70.98,52.17,56.16,90.61,3.0,5.0,2.0,0.9,13.0,80.48,1.0,0.0,2.0,1177.0,78.03,78.17,7.16,6.56,1.02,92.77,Data Analyst
STU073,23.0,Male,8.0,3.33,86.22,70.92,71.87,71.0,49.55,94.05,79.97,49.49,High,95.24,89.55,62.22,47.67,86.3,76.87,3.0,5.0,1.0,0.8,14.0,86.24,0.0,2.0,0.0,1233.0,65.08,75.42,7.23,7.97,0.93,91.47,Machine Learning Engineer
STU016,22.0,Female,4.0,3.08,95.5,81.1,82.27,57.15,62.03,37.44,75.04,48.53,High,78.82,67.92,86.8,65.93,63.39,81.16,5.0,4.0,0.0,0.9,16.0,63.85,1.0,1.0,2.0,1619.0,84.38,89.23,6.78,7.5,0.96,100.0,Software Engineer
STU011,21.0,Male,7.0,3.13,82.61,74.96,80.71,79.26,67.92,51.24,89.4,54.88,High,63.23,77.75,70.53,55.09,68.79,94.89,4.0,3.0,3.0,0.3,16.0,86.86,0.0,1.0,6.0,1453.0,76.69,78.13,7.39,6.8,0.92,100.0,Software Engineer
STU195,24.0,Male,7.0,2.72,75.24,52.24,54.36,49.2,86.03,13.93,51.27,95.93,Medium,87.03,57.38,85.97,61.65,73.02,79.4,5.0,5.0,0.0,0.4,23.0,72.49,1.0,0.0,1.0,941.0,58.21,86.91,5.15,7.62,0.96,74.83,Web Developer
STU102,24.0,Female,5.0,3.75,77.17,80.94,58.77,89.04,50.11,89.56,70.66,17.03,Medium,66.38,56.82,68.41,54.92,78.76,72.3,2.0,4.0,2.0,0.9,7.0,73.47,2.0,0.0,1.0,1115.0,90.78,74.81,7.23,6.57,0.83,93.5,Data Analyst
STU069,24.0,Other,5.0,3.35,74.59,75.44,86.35,45.77,43.2,84.97,89.59,33.48,High,70.34,57.13,61.14,73.15,60.51,82.18,4.0,3.0,1.0,0.9,17.0,70.4,4.0,1.0,1.0,1072.0,65.36,80.66,7.17,6.42,0.95,89.27,Machine Learning Engineer
STU225,23.0,Female,6.0,3.04,86.03,31.53,41.0,35.87,89.0,7.81,33.2,78.81,Low,71.0,61.33,49.58,67.47,64.24,64.21,4.0,3.0,0.0,0.8,13.0,83.93,2.0,0.0,3.0,427.0,77.82,66.0,3.98,6.23,0.79,66.81,UI/UX Designer
STU038,22.0,Male,4.0,3.76,87.45,86.67,78.7,65.06,78.96,62.09,82.11,58.9,High,67.27,60.51,80.68,78.57,89.16,69.36,3.0,5.0,1.0,0.8,22.0,79.96,1.0,1.0,2.0,1379.0,66.0,57.13,7.61,7.37,1.05,96.36,Software Engineer
STU017,23.0,Male,5.0,3.91,89.9,84.0,98.7,79.94,59.14,35.9,89.47,57.16,High,77.64,68.13,63.24,62.62,76.77,85.57,6.0,5.0,4.0,0.9,12.0,100.0,1.0,2.0,5.0,1379.0,82.26,56.7,7.67,7.05,1.32,100.0,Software Engineer
STU180,20.0,Male,5.0,2.79,71.36,52.34,60.39,58.63,89.4,40.13,67.12,90.47,Medium,87.62,69.65,89.46,70.98,79.54,69.17,3.0,4.0,1.0,0.6,22.0,73.92,1.0,2.0,0.0,947.0,64.21,83.39,6.05,8.16,0.94,74.16,Web Developer
STU148,23.0,Female,8.0,3.1,87.96,65.43,72.77,93.2,37.31,69.76,81.35,45.36,Medium,73.31,57.34,80.0,66.82,54.59,89.01,4.0,4.0,2.0,0.5,5.0,82.14,0.0,2.0,4.0,935.0,78.37,71.06,6.95,6.83,0.79,92.44,Data Analyst
STU275,26.0,Male,7.0,3.49,77.32,72.89,73.95,73.16,50.12,50.25,51.36,28.25,High,56.05,74.41,72.01,60.12,87.09,67.74,2.0,6.0,3.0,0.3,16.0,82.07,1.0,0.0,1.0,1253.0,66.39,87.37,6.42,6.88,0.97,82.28,Cybersecurity Analyst
STU068,24.0,Female,7.0,3.27,78.55,73.53,71.95,57.08,25.38,90.95,98.51,11.76,High,71.73,76.79,70.48,61.21,83.03,75.05,4.0,4.0,1.0,0.2,16.0,83.87,0.0,0.0,2.0,1215.0,82.13,80.62,6.86,7.31,0.78,90.13,Machine Learning Engineer
STU229,22.0,Female,5.0,2.8,80.87,48.78,50.36,59.51,78.68,24.85,25.94,61.05,Low,54.61,74.47,72.91,71.39,60.56,68.16,6.0,4.0,0.0,0.2,8.0,84.02,2.0,1.0,3.0,575.0,90.84,76.47,4.94,6.57,0.68,65.97,UI/UX Designer
STU070,24.0,Female,6.0,3.55,88.66,57.29,83.55,67.76,48.03,88.2,85.22,6.91,High,79.96,76.16,71.26,78.05,81.24,80.4,5.0,3.0,3.0,0.8,20.0,91.34,1.0,1.0,1.0,871.0,68.81,69.77,7.15,7.7,1.18,94.54,Machine Learning Engineer
STU032,22.0,Female,5.0,3.55,85.07,72.41,85.15,59.24,56.3,41.63,87.46,54.08,High,80.31,76.74,79.68,100.0,75.47,77.67,5.0,5.0,2.0,0.2,15.0,86.0,0.0,1.0,4.0,1535.0,80.59,99.94,6.81,8.07,0.94,95.17,Software Engineer
STU184,21.0,Female,8.0,3.14,89.78,71.67,76.46,56.96,88.54,42.02,75.76,93.43,Medium,71.42,72.35,82.01,60.36,51.24,85.67,7.0,2.0,3.0,0.5,24.0,67.16,1.0,1.0,2.0,890.0,78.62,69.65,6.92,7.01,1.2,82.71,Web Developer
STU266,22.0,Female,6.0,2.74,93.74,69.69,80.41,71.62,47.43,35.51,62.46,48.79,High,65.44,71.1,79.02,56.8,67.4,79.14,1.0,4.0,0.0,0.9,13.0,62.07,2.0,1.0,5.0,1374.0,85.47,75.32,6.35,6.94,0.71,82.58,Cybersecurity Analyst
STU226,22.0,Female,5.0,2.68,76.55,28.12,28.6,50.09,76.93,30.7,30.6,60.77,Low,48.8,60.64,68.89,72.32,71.6,63.32,7.0,2.0,1.0,0.5,0.0,87.77,2.0,1.0,0.0,751.0,79.46,81.95,3.95,6.2,0.68,59.98,UI/UX Designer
STU141,23.0,Male,8.0,3.34,77.4,67.26,63.62,90.2,43.66,87.72,79.45,24.25,Medium,67.52,58.9,93.07,56.7,78.88,80.66,2.0,2.0,1.0,1.0,4.0,75.58,3.0,0.0,1.0,1438.0,67.99,70.77,7.05,7.28,0.64,86.42,Data Analyst
STU019,22.0,Male,7.0,3.81,85.31,80.11,82.13,66.45,63.77,52.57,78.54,63.7,High,88.77,60.26,59.55,43.66,86.96,76.04,4.0,3.0,2.0,0.9,25.0,90.05,1.0,0.0,3.0,1634.0,72.98,80.54,7.18,7.1,1.16,98.8,Software Engineer
STU182,23.0,Male,4.0,3.06,80.37,45.81,62.32,61.0,88.13,11.46,57.02,91.33,Medium,57.8,84.41,75.8,43.72,71.94,72.49,3.0,3.0,3.0,0.2,21.0,84.02,2.0,0.0,0.0,873.0,82.47,78.07,5.45,6.83,0.92,76.41,Web Developer
STU097,21.0,Female,6.0,3.55,73.07,69.55,75.32,54.73,36.08,89.3,85.78,13.31,High,37.61,73.53,60.92,72.94,78.38,83.56,7.0,4.0,3.0,1.0,9.0,91.67,2.0,0.0,3.0,1604.0,82.96,76.84,6.83,6.03,1.23,93.02,Machine Learning Engineer
STU133,22.0,Male,4.0,3.41,78.64,68.4,73.86,85.56,38.83,74.61,73.8,46.22,Medium,73.38,58.97,81.47,48.23,84.22,77.35,3.0,2.0,1.0,0.7,7.0,80.31,1.0,2.0,1.0,1309.0,76.13,77.21,6.94,7.16,0.65,89.26,Data Analyst
STU263,19.0,Male,4.0,3.09,73.6,72.15,82.46,73.26,47.48,43.42,74.71,23.71,High,84.24,64.34,74.76,62.38,69.17,76.44,1.0,5.0,0.0,0.5,10.0,58.41,3.0,1.0,4.0,836.0,66.28,76.11,6.71,7.34,0.6,79.87,Cybersecurity Analyst
STU087,20.0,Male,4.0,3.68,95.1,64.91,71.5,61.14,45.75,92.45,94.99,43.72,High,71.2,66.27,78.07,62.4,90.53,75.59,5.0,4.0,5.0,0.6,19.0,68.49,0.0,1.0,2.0,1300.0,59.57,85.31,7.03,7.4,1.31,92.83,Machine Learning Engineer
STU249,22.0,Female,6.0,3.33,84.91,35.31,46.51,46.07,67.13,34.14,26.33,59.61,Low,51.13,64.26,76.9,66.67,78.18,66.51,4.0,3.0,0.0,0.7,11.0,73.61,1.0,1.0,2.0,1082.0,72.29,75.16,4.34,6.58,0.72,69.59,UI/UX Designer
STU246,22.0,Male,5.0,3.62,97.65,44.83,41.72,39.43,72.73,30.86,44.98,70.15,Low,70.8,29.63,84.37,58.52,63.99,56.94,4.0,3.0,2.0,0.3,8.0,86.9,2.0,0.0,2.0,657.0,73.36,70.02,4.53,6.37,0.72,67.21,UI/UX Designer
STU117,18.0,Male,5.0,3.12,77.55,53.57,66.78,78.76,47.52,67.45,83.66,42.21,Medium,66.85,86.76,88.19,53.38,80.0,81.29,3.0,3.0,0.0,0.3,4.0,74.09,4.0,0.0,4.0,1338.0,77.38,56.69,6.48,7.68,0.45,86.33,Data Analyst
STU147,22.0,Male,6.0,3.09,85.18,56.74,70.0,87.5,66.0,74.39,77.6,34.2,Medium,56.18,54.64,82.12,43.85,68.8,80.29,3.0,4.0,2.0,1.0,6.0,76.27,0.0,0.0,1.0,1910.0,69.27,63.51,7.08,6.3,0.9,86.11,Data Analyst
STU293,19.0,Female,6.0,3.19,73.97,52.22,81.25,62.85,53.57,59.27,72.97,41.69,High,67.85,87.74,68.25,63.13,84.57,66.79,3.0,6.0,0.0,0.5,9.0,56.19,2.0,0.0,2.0,906.0,74.05,58.59,6.44,7.4,0.73,78.24,Cybersecurity Analyst
STU198,23.0,Male,7.0,3.02,78.01,44.32,69.34,70.58,86.52,38.11,77.91,80.75,Medium,52.01,63.44,62.29,75.29,54.67,69.54,7.0,1.0,2.0,0.6,16.0,81.18,2.0,2.0,4.0,1037.0,48.97,92.89,6.33,5.96,0.98,71.18,Web Developer
STU207,21.0,Male,4.0,3.48,81.44,36.0,38.76,46.18,64.96,30.71,31.47,64.05,Low,73.73,60.35,78.26,72.01,76.88,67.54,4.0,2.0,2.0,0.5,7.0,78.24,1.0,0.0,5.0,533.0,84.77,61.91,4.13,7.25,0.71,70.18,UI/UX Designer
STU056,21.0,Male,4.0,4.0,70.45,71.28,70.81,70.13,31.34,93.82,92.14,23.54,High,79.19,78.01,65.29,81.71,69.5,89.17,4.0,3.0,1.0,0.0,20.0,90.86,2.0,0.0,2.0,1455.0,82.48,76.89,7.05,7.43,0.73,94.91,Machine Learning Engineer
STU173,23.0,Male,7.0,3.16,84.96,52.16,69.3,59.11,95.14,21.14,40.49,87.33,Medium,60.1,43.11,66.91,62.67,60.38,70.91,7.0,3.0,2.0,0.7,19.0,74.05,2.0,0.0,2.0,575.0,56.71,66.44,5.81,5.87,1.16,68.98,Web Developer
STU185,21.0,Female,6.0,2.63,79.15,43.82,63.03,60.8,90.69,28.41,45.82,90.46,Medium,78.72,55.49,56.67,83.95,65.88,60.79,5.0,2.0,1.0,0.1,11.0,73.96,0.0,1.0,4.0,853.0,74.29,85.36,5.61,6.72,0.62,72.35,Web Developer
STU168,21.0,Female,4.0,2.65,63.23,38.86,65.16,55.33,92.83,28.25,55.25,87.09,Medium,66.36,68.85,67.61,43.29,74.01,56.92,5.0,2.0,1.0,0.8,21.0,57.56,0.0,0.0,5.0,1037.0,68.61,90.29,5.6,6.6,0.98,68.33,Web Developer
STU140,22.0,Male,4.0,3.43,80.46,66.23,69.15,94.11,18.81,75.08,68.91,28.71,Medium,75.95,67.59,73.68,59.12,61.35,93.31,3.0,2.0,0.0,0.7,13.0,74.57,0.0,1.0,6.0,517.0,80.1,66.6,6.56,6.98,0.66,88.76,Data Analyst
STU254,21.0,Male,5.0,3.17,81.82,68.62,75.38,56.56,53.09,49.13,72.77,55.02,High,58.3,83.72,57.02,67.74,65.85,84.51,1.0,7.0,3.0,0.2,13.0,59.14,2.0,0.0,4.0,1300.0,57.76,74.62,6.37,6.51,0.9,85.28,Cybersecurity Analyst
STU039,24.0,Male,4.0,2.85,63.32,76.23,88.97,70.88,63.78,38.24,88.66,39.44,High,65.01,60.47,79.89,57.22,74.73,91.22,3.0,5.0,3.0,0.6,15.0,66.43,1.0,1.0,3.0,1192.0,80.92,82.13,7.23,6.85,1.04,89.38,Software Engineer
STU126,24.0,Male,8.0,3.44,81.12,72.92,63.26,91.16,40.23,64.8,75.67,35.13,Medium,51.64,63.67,79.94,61.43,69.54,73.07,2.0,2.0,1.0,0.0,7.0,79.43,1.0,1.0,4.0,971.0,72.19,83.86,6.74,6.48,0.39,86.3,Data Analyst
STU196,24.0,Female,7.0,2.58,76.42,54.72,90.32,55.55,98.2,11.43,40.86,94.48,Medium,81.67,73.01,72.11,59.61,74.02,51.74,4.0,4.0,1.0,0.5,17.0,55.85,0.0,1.0,10.0,917.0,72.45,79.77,6.24,7.42,0.89,69.37,Web Developer
STU284,22.0,Male,6.0,3.24,71.01,58.63,91.72,65.2,30.37,56.97,63.99,50.44,High,72.61,69.88,83.52,71.27,59.61,78.91,2.0,5.0,2.0,0.2,14.0,72.9,3.0,0.0,2.0,1038.0,60.83,84.02,6.39,7.27,0.78,78.66,Cybersecurity Analyst
STU138,22.0,Male,4.0,3.21,87.89,66.86,70.77,82.25,53.73,81.6,63.59,37.78,Medium,57.83,84.29,55.92,62.07,76.34,80.79,2.0,3.0,3.0,0.4,8.0,86.47,1.0,0.0,3.0,983.0,72.29,67.14,7.01,6.58,0.73,89.95,Data Analyst
STU113,23.0,Female,7.0,3.35,76.03,61.34,63.73,85.78,31.52,64.28,79.17,38.22,Medium,68.18,46.23,73.78,82.15,57.26,89.04,4.0,2.0,2.0,0.8,4.0,79.25,5.0,0.0,1.0,935.0,70.32,68.14,6.34,6.49,0.76,83.82,Data Analyst
STU169,24.0,Male,4.0,3.05,75.44,58.31,70.75,50.91,72.68,28.32,51.74,91.95,Medium,52.21,58.6,76.77,85.59,71.02,63.52,7.0,3.0,2.0,0.6,19.0,81.53,0.0,0.0,2.0,1065.0,74.29,77.28,5.73,6.58,1.12,68.64,Web Developer
STU118,23.0,Female,5.0,3.6,92.75,66.14,71.8,92.16,50.83,63.6,59.74,31.07,Medium,77.11,72.29,75.8,58.33,70.7,80.21,2.0,5.0,0.0,0.5,19.0,70.87,0.0,1.0,0.0,1231.0,68.25,90.69,6.81,7.3,0.79,86.06,Data Analyst
STU278,22.0,Male,8.0,2.91,79.04,68.2,64.28,76.05,50.35,64.41,70.74,41.62,High,54.41,54.56,79.41,61.61,67.77,75.44,2.0,6.0,2.0,0.7,4.0,79.95,4.0,2.0,4.0,1387.0,63.17,66.6,6.54,6.34,0.83,75.88,Cybersecurity Analyst
STU272,25.0,Female,6.0,3.76,86.38,68.63,65.98,69.46,55.65,43.54,75.26,40.65,High,78.96,53.52,60.29,70.75,56.51,80.79,4.0,5.0,4.0,0.8,14.0,71.87,1.0,0.0,4.0,1154.0,78.67,67.76,6.3,6.5,1.22,89.81,Cybersecurity Analyst
STU156,20.0,Male,4.0,3.52,70.06,40.66,70.07,39.55,83.95,55.51,61.5,85.59,Medium,64.46,56.51,74.56,81.42,62.01,76.05,8.0,5.0,2.0,0.1,19.0,74.1,1.0,0.0,7.0,912.0,60.17,53.4,5.87,6.67,1.12,73.73,Web Developer
STU177,21.0,Male,7.0,3.39,77.75,54.58,73.64,49.81,91.05,25.71,59.69,89.49,Medium,90.38,65.24,66.65,69.15,82.78,44.8,6.0,5.0,3.0,0.8,17.0,47.02,2.0,1.0,1.0,962.0,66.59,84.7,6.03,7.62,1.28,77.08,Web Developer
STU179,21.0,Male,4.0,3.03,79.14,53.07,73.03,60.5,85.72,25.65,69.4,82.12,Medium,76.06,69.7,62.78,79.01,72.02,50.77,6.0,2.0,2.0,0.9,20.0,80.51,0.0,1.0,2.0,1144.0,73.49,57.32,6.16,7.12,1.13,74.78,Web Developer
STU003,23.0,Male,6.0,3.04,88.5,76.13,86.14,72.65,69.76,40.21,83.7,43.94,High,83.56,67.28,82.04,69.34,65.55,89.27,7.0,4.0,0.0,0.7,16.0,78.92,2.0,1.0,1.0,1102.0,82.01,77.61,7.25,7.58,1.0,99.24,Software Engineer
STU116,22.0,Male,6.0,3.58,72.01,69.32,72.16,99.34,51.82,71.5,80.38,40.37,Medium,73.16,72.6,71.27,74.41,91.21,86.95,5.0,4.0,1.0,0.0,0.0,82.66,1.0,0.0,1.0,631.0,78.61,75.38,7.33,7.54,0.53,89.89,Data Analyst
STU144,22.0,Male,8.0,3.39,76.54,63.98,65.64,82.43,43.78,70.25,73.97,29.09,Medium,58.41,75.1,78.18,49.31,53.7,79.86,3.0,3.0,1.0,1.0,10.0,80.18,2.0,1.0,5.0,1247.0,97.04,63.91,6.61,6.51,0.83,93.45,Data Analyst
STU178,20.0,Male,5.0,3.16,74.81,50.81,73.76,54.05,88.56,13.48,44.6,95.44,Medium,74.86,73.06,91.91,66.96,61.37,64.95,7.0,3.0,0.0,0.5,12.0,50.86,3.0,1.0,7.0,869.0,76.84,72.84,5.65,7.59,0.83,75.65,Web Developer
STU121,22.0,Other,5.0,2.85,78.18,67.93,59.99,84.72,34.92,66.41,74.9,29.55,Medium,65.83,76.17,77.95,75.03,64.61,84.52,1.0,1.0,2.0,0.8,9.0,80.04,2.0,0.0,2.0,1263.0,88.15,75.42,6.4,7.17,0.64,86.79,Data Analyst
STU211,21.0,Female,4.0,2.66,78.01,39.76,44.16,48.62,72.73,24.46,38.34,63.16,Low,72.31,68.72,75.3,58.68,75.18,49.59,5.0,3.0,0.0,1.0,14.0,84.55,1.0,1.0,3.0,750.0,66.89,75.2,4.47,7.14,0.91,63.54,UI/UX Designer
STU261,24.0,Male,8.0,3.86,71.18,84.44,74.56,69.02,43.77,47.58,83.06,28.4,High,65.14,59.64,69.28,54.81,62.75,63.68,3.0,3.0,2.0,0.0,12.0,67.67,0.0,0.0,3.0,1345.0,63.44,62.13,6.79,6.37,0.64,83.18,Cybersecurity Analyst
STU128,24.0,Female,6.0,3.2,100.0,62.29,51.86,94.55,54.03,85.91,93.24,23.24,Medium,69.59,70.44,56.79,66.8,91.32,72.6,3.0,3.0,1.0,1.0,10.0,90.11,0.0,1.0,1.0,900.0,75.43,86.87,6.99,6.95,0.83,92.1,Data Analyst
STU075,24.0,Male,6.0,3.53,76.83,66.64,87.54,62.64,48.94,87.99,96.36,18.46,High,83.97,82.99,72.0,49.5,76.27,80.72,6.0,4.0,3.0,0.7,13.0,92.49,1.0,0.0,1.0,1096.0,78.32,57.35,7.48,7.62,1.15,95.15,Machine Learning Engineer
STU030,21.0,Male,4.0,3.2,78.43,77.27,98.81,69.68,45.69,46.28,80.23,63.41,High,51.1,63.48,47.76,45.99,79.6,79.31,5.0,2.0,2.0,0.6,15.0,100.0,2.0,0.0,1.0,1495.0,75.85,81.86,7.24,5.65,0.92,92.86,Software Engineer
STU084,21.0,Female,7.0,3.59,83.95,83.0,87.85,57.17,31.36,75.91,83.74,37.3,High,51.54,64.04,85.67,63.85,59.28,73.54,2.0,4.0,2.0,0.9,11.0,62.97,1.0,0.0,2.0,1091.0,76.76,72.88,7.16,6.5,0.9,91.19,Machine Learning Engineer
STU270,21.0,Male,5.0,3.0,82.81,80.3,70.42,71.74,52.94,26.66,63.55,36.46,High,74.01,85.89,76.72,82.89,67.23,69.7,2.0,5.0,1.0,0.6,11.0,68.29,3.0,0.0,3.0,1021.0,75.21,85.65,6.27,7.69,0.78,82.6,Cybersecurity Analyst
STU108,23.0,Female,4.0,3.45,72.26,54.25,71.81,81.66,44.85,56.33,81.55,46.77,Medium,78.39,59.73,60.29,60.4,67.97,90.28,5.0,4.0,4.0,1.2,5.0,80.57,0.0,0.0,2.0,841.0,85.7,68.95,6.44,6.68,1.21,91.21,Data Analyst
STU224,19.0,Male,7.0,3.18,64.2,40.29,43.63,31.37,73.48,33.14,30.32,62.31,Low,61.55,70.13,66.73,58.51,81.02,52.9,7.0,3.0,2.0,0.5,11.0,80.67,2.0,4.0,1.0,267.0,76.62,67.67,4.27,6.72,0.97,63.91,UI/UX Designer
STU159,22.0,Male,5.0,3.26,78.11,57.0,72.74,70.52,95.72,40.7,55.66,91.76,Medium,66.24,43.94,79.18,77.5,60.39,74.07,4.0,2.0,2.0,0.6,26.0,80.23,2.0,1.0,3.0,1144.0,68.64,80.05,6.62,6.53,1.03,78.75,Web Developer
STU281,24.0,Male,6.0,3.58,75.58,66.83,80.9,54.01,22.01,57.96,71.98,50.73,High,70.61,73.05,70.92,61.25,69.86,72.59,2.0,5.0,2.0,0.3,14.0,77.15,0.0,0.0,3.0,1121.0,62.42,84.84,6.09,7.01,0.81,79.69,Cybersecurity Analyst
STU247,22.0,Female,5.0,2.73,89.96,33.68,50.27,32.24,61.55,35.23,39.65,53.22,Low,78.53,56.03,52.11,68.22,69.04,46.08,5.0,2.0,0.0,0.7,2.0,90.08,1.0,0.0,2.0,627.0,60.2,75.82,4.26,6.5,0.59,64.21,UI/UX Designer
STU223,23.0,Other,8.0,3.06,78.0,20.78,49.89,43.02,69.18,27.9,33.81,58.69,Low,71.12,66.44,68.47,68.34,79.81,58.21,5.0,4.0,0.0,0.3,8.0,87.75,3.0,1.0,1.0,663.0,52.27,68.75,4.1,7.05,0.66,60.17,UI/UX Designer
STU066,23.0,Male,8.0,3.68,73.91,88.31,67.1,59.54,51.23,89.81,93.44,6.24,High,73.1,67.71,94.78,71.56,70.87,80.84,4.0,3.0,5.0,0.7,11.0,79.26,1.0,0.0,4.0,1303.0,83.87,58.9,7.39,7.7,1.12,94.73,Machine Learning Engineer
STU199,23.0,Male,6.0,2.88,72.35,41.28,68.86,67.12,90.46,32.33,43.65,85.88,Medium,66.48,65.24,68.61,56.94,73.35,61.61,2.0,3.0,1.0,0.0,21.0,56.56,2.0,0.0,7.0,1013.0,73.24,70.86,5.83,6.68,0.65,74.22,Web Developer
STU086,20.0,Female,4.0,3.79,81.86,70.34,87.41,60.75,57.27,86.42,95.01,21.22,High,67.8,42.26,69.46,67.56,80.29,73.74,7.0,5.0,2.0,1.0,10.0,56.48,1.0,0.0,5.0,1467.0,70.82,89.61,7.61,6.5,1.21,91.15,Machine Learning Engineer
STU214,23.0,Male,5.0,2.87,94.03,21.06,47.83,32.17,73.31,40.51,25.51,73.49,Low,66.35,59.6,78.87,59.77,63.59,69.89,4.0,4.0,0.0,0.3,6.0,77.5,2.0,2.0,4.0,426.0,68.46,69.22,4.06,6.71,0.58,65.93,UI/UX Designer
STU160,21.0,Female,5.0,3.0,85.79,56.12,62.16,57.27,89.55,21.79,53.3,82.5,Medium,62.53,87.07,57.64,61.88,65.44,72.31,8.0,3.0,1.0,0.6,15.0,63.37,2.0,2.0,7.0,1011.0,88.56,72.2,5.74,6.66,1.03,78.9,Web Developer
STU013,22.0,Female,6.0,3.23,74.81,67.13,84.85,63.93,61.5,48.42,98.13,64.5,High,74.92,54.8,90.31,79.15,67.31,92.33,7.0,3.0,3.0,0.0,13.0,76.91,8.0,0.0,3.0,1488.0,86.48,56.87,7.05,7.4,0.94,96.75,Software Engineer
STU036,24.0,Male,5.0,3.38,75.97,91.69,91.38,74.76,68.53,52.59,86.97,56.04,High,67.19,51.07,71.02,53.14,60.96,84.42,7.0,4.0,4.0,0.5,10.0,76.66,1.0,1.0,2.0,1468.0,77.84,75.8,7.93,6.26,1.17,97.38,Software Engineer
STU029,22.0,Male,6.0,3.43,88.67,78.86,94.76,65.46,67.31,51.78,84.66,67.99,High,65.05,60.77,79.31,70.17,74.43,83.93,7.0,3.0,3.0,0.5,14.0,78.74,2.0,1.0,6.0,1454.0,87.99,70.56,7.56,6.97,1.1,99.04,Software Engineer
STU143,21.0,Male,8.0,2.35,84.47,70.78,65.89,94.04,50.18,70.21,72.57,34.19,Medium,65.12,83.93,72.19,50.73,71.5,85.84,4.0,2.0,2.0,0.7,7.0,83.8,1.0,0.0,5.0,1393.0,83.16,63.54,7.01,7.02,0.78,85.37,Data Analyst
STU285,24.0,Male,4.0,2.99,80.95,72.16,74.56,75.23,29.5,47.45,70.57,38.66,High,53.66,70.07,75.88,56.55,91.41,74.78,3.0,5.0,1.0,0.8,6.0,89.98,1.0,0.0,3.0,1435.0,73.4,72.8,6.3,6.84,0.81,82.61,Cybersecurity Analyst
STU255,22.0,Female,4.0,3.2,89.24,67.26,89.17,60.15,43.69,52.79,75.27,48.52,High,79.62,79.49,65.76,77.4,66.79,69.87,2.0,6.0,0.0,0.2,19.0,76.62,2.0,0.0,3.0,1207.0,61.6,72.43,6.68,7.4,0.74,79.17,Cybersecurity Analyst
STU171,24.0,Male,7.0,2.95,67.85,42.39,67.27,46.94,88.29,24.36,40.06,96.28,Medium,68.32,68.68,54.54,68.98,61.53,75.67,7.0,3.0,2.0,0.5,22.0,76.98,1.0,1.0,2.0,908.0,61.76,91.11,5.32,6.4,1.14,70.64,Web Developer
STU052,22.0,Male,7.0,3.1,85.79,65.93,83.44,71.01,50.13,76.38,90.63,40.29,High,76.67,55.88,80.34,68.27,78.5,94.73,4.0,4.0,2.0,1.0,13.0,71.22,1.0,1.0,9.0,1296.0,65.79,64.34,7.27,7.29,1.05,91.25,Machine Learning Engineer
STU096,25.0,Female,4.0,3.38,72.43,66.33,73.14,50.77,22.48,85.66,90.79,29.03,High,76.08,54.83,79.76,52.97,64.48,70.37,3.0,3.0,3.0,0.7,25.0,77.46,0.0,0.0,6.0,709.0,88.91,59.33,6.45,6.87,1.12,90.85,Machine Learning Engineer
STU209,23.0,Male,8.0,3.21,69.34,50.4,52.68,25.65,80.67,15.29,43.98,62.06,Low,81.71,53.35,65.32,53.02,54.46,71.61,7.0,2.0,1.0,0.7,8.0,85.77,1.0,1.0,4.0,581.0,69.53,74.95,4.59,6.5,0.86,64.14,UI/UX Designer
STU248,23.0,Female,5.0,2.98,79.88,39.29,39.99,48.55,75.09,21.71,41.49,72.0,Low,49.41,59.57,80.44,55.61,70.4,65.42,5.0,4.0,1.0,0.6,13.0,76.91,2.0,1.0,1.0,917.0,64.25,65.41,4.38,6.3,0.91,65.83,UI/UX Designer
STU042,25.0,Female,8.0,3.17,81.92,85.2,80.84,77.48,55.06,33.06,88.59,41.12,High,92.18,61.13,67.42,73.79,59.62,80.5,6.0,3.0,4.0,0.5,23.0,71.94,1.0,0.0,7.0,1865.0,68.47,78.43,7.09,7.31,1.26,94.42,Software Engineer
STU090,23.0,Female,7.0,3.58,64.7,65.77,70.6,69.78,37.41,90.12,87.15,11.79,High,69.31,54.32,91.87,75.94,73.06,76.01,2.0,4.0,2.0,0.6,20.0,67.59,2.0,0.0,2.0,1632.0,66.15,86.64,6.91,7.32,0.94,84.98,Machine Learning Engineer
STU245,24.0,Female,8.0,3.14,79.97,34.27,52.54,52.03,67.1,29.63,39.9,62.37,Low,67.47,53.8,73.49,76.5,64.22,65.45,4.0,4.0,0.0,0.6,4.0,81.23,2.0,1.0,3.0,924.0,80.89,54.32,4.63,6.67,0.64,70.13,UI/UX Designer
STU137,22.0,Male,6.0,3.46,92.43,57.58,60.27,84.56,42.24,80.87,72.17,23.56,Medium,57.39,87.73,76.15,77.41,86.67,86.09,3.0,2.0,2.0,0.8,7.0,81.73,2.0,0.0,5.0,1039.0,77.96,83.73,6.5,7.45,0.76,92.31,Data Analyst
STU027,23.0,Female,6.0,3.14,80.55,70.11,89.06,55.35,91.67,67.36,80.34,32.54,High,52.38,67.31,70.12,66.5,74.3,92.25,3.0,5.0,2.0,0.5,19.0,77.84,3.0,1.0,8.0,1737.0,86.07,64.34,7.65,6.45,0.99,97.45,Software Engineer
STU294,26.0,Female,4.0,3.32,85.92,91.92,65.54,67.32,64.13,38.1,68.11,46.26,High,81.6,64.53,86.37,44.36,82.77,75.69,1.0,4.0,1.0,0.6,15.0,47.63,1.0,0.0,3.0,1407.0,68.51,85.47,6.7,7.58,0.73,84.31,Cybersecurity Analyst
STU142,24.0,Male,8.0,3.12,75.59,66.44,52.95,90.39,55.17,68.37,80.18,38.1,Medium,60.82,70.93,71.44,80.3,79.91,73.76,4.0,4.0,1.0,0.6,12.0,79.26,2.0,3.0,4.0,1411.0,76.01,81.89,6.66,7.03,0.84,89.73,Data Analyst
STU201,23.0,Male,5.0,3.34,70.96,43.79,39.38,38.1,75.73,34.17,24.2,72.98,Low,61.76,79.91,70.53,38.36,58.0,58.29,3.0,3.0,2.0,0.0,10.0,87.77,0.0,0.0,2.0,718.0,65.55,71.51,4.32,6.47,0.61,65.64,UI/UX Designer
STU001,25.0,Female,6.0,3.63,78.24,85.48,87.17,75.18,75.23,42.66,83.36,70.79,High,75.43,63.37,67.34,67.9,52.87,73.77,4.0,3.0,2.0,0.8,14.0,79.42,3.0,0.0,3.0,1493.0,72.01,56.75,7.62,6.69,0.96,97.31,Software Engineer
STU269,25.0,Male,7.0,3.16,90.19,78.68,68.76,56.08,61.83,33.42,71.19,50.19,High,67.28,55.23,75.74,67.38,98.88,89.49,2.0,5.0,1.0,0.7,19.0,53.92,1.0,0.0,2.0,1345.0,84.75,64.55,6.27,7.17,0.93,86.11,Cybersecurity Analyst
STU273,24.0,Male,6.0,3.44,81.99,73.95,77.19,52.81,44.69,43.07,78.4,33.89,High,68.23,70.49,68.09,59.85,54.95,75.28,2.0,6.0,2.0,0.5,4.0,65.63,2.0,0.0,5.0,1200.0,82.95,71.52,6.3,6.58,0.77,83.46,Cybersecurity Analyst
STU101,20.0,Female,5.0,3.42,78.1,50.95,66.43,97.44,28.91,62.27,78.41,35.39,Medium,81.62,68.47,78.97,68.84,73.75,70.19,4.0,3.0,2.0,0.4,8.0,83.43,1.0,0.0,4.0,1115.0,65.77,80.27,6.29,7.59,0.75,81.56,Data Analyst
STU260,23.0,Male,4.0,3.37,80.88,73.58,57.2,66.82,50.87,50.5,67.11,42.24,High,76.76,68.7,73.57,29.93,60.56,73.15,3.0,4.0,2.0,0.1,11.0,69.56,0.0,0.0,3.0,1147.0,67.52,62.59,6.1,6.72,0.7,80.76,Cybersecurity Analyst
STU256,23.0,Male,7.0,3.04,82.4,79.37,84.82,62.92,39.68,46.0,87.28,29.42,High,75.42,48.14,85.06,80.51,67.75,90.83,4.0,4.0,2.0,0.5,19.0,52.32,0.0,1.0,3.0,1115.0,66.2,100.0,6.81,7.17,0.99,82.79,Cybersecurity Analyst
STU172,23.0,Female,8.0,2.82,87.83,43.06,74.05,67.93,92.96,57.63,39.46,87.47,Medium,67.79,69.9,78.34,47.54,65.79,63.53,4.0,2.0,3.0,0.0,10.0,63.91,3.0,0.0,9.0,1277.0,69.47,83.97,6.38,6.85,0.69,76.44,Web Developer
STU099,23.0,Male,8.0,3.74,63.9,65.48,77.5,65.06,42.9,89.21,88.79,29.26,High,69.89,70.88,79.84,52.88,61.37,58.1,1.0,5.0,3.0,0.3,15.0,53.48,2.0,0.0,1.0,1475.0,83.35,79.84,7.09,6.96,0.85,91.59,Machine Learning Engineer
STU037,24.0,Female,7.0,3.01,91.2,85.3,88.84,79.65,63.84,42.16,87.81,60.0,High,66.99,65.25,79.51,73.97,64.99,74.86,4.0,4.0,4.0,0.5,20.0,66.58,1.0,0.0,2.0,1449.0,72.4,82.03,7.59,7.02,1.17,92.45,Software Engineer
STU062,22.0,Female,5.0,3.56,86.87,62.26,95.06,63.84,38.26,86.98,90.75,40.7,High,71.51,66.88,78.41,72.24,70.3,74.72,4.0,4.0,3.0,0.7,19.0,70.86,1.0,0.0,3.0,1178.0,89.93,66.51,7.37,7.22,1.14,91.66,Machine Learning Engineer
STU151,25.0,Female,5.0,3.25,72.13,46.61,66.37,40.63,86.02,37.33,42.26,95.24,Medium,68.58,83.98,79.34,65.11,69.62,58.08,4.0,1.0,0.0,0.2,16.0,93.73,1.0,1.0,2.0,1039.0,71.43,74.77,5.47,7.42,0.55,73.6,Web Developer
STU237,21.0,Male,5.0,2.77,79.82,40.99,49.14,39.1,59.88,20.52,46.78,66.22,Low,76.62,72.54,64.3,46.1,67.93,63.08,6.0,2.0,1.0,0.8,7.0,85.68,5.0,1.0,0.0,644.0,67.05,85.09,4.31,6.84,0.82,62.23,UI/UX Designer
STU203,23.0,Other,4.0,3.48,87.27,43.3,47.3,38.42,59.95,38.56,34.15,65.64,Low,74.46,67.98,71.88,67.88,76.07,50.4,8.0,1.0,0.0,0.5,7.0,90.6,3.0,0.0,2.0,809.0,83.68,91.11,4.44,7.21,0.7,69.77,UI/UX Designer
STU243,22.0,Female,7.0,3.79,89.23,43.52,40.83,31.6,78.77,29.17,30.1,65.34,Low,81.63,72.36,73.66,36.25,65.21,67.58,2.0,4.0,2.0,0.5,15.0,85.76,0.0,1.0,7.0,596.0,70.95,69.19,4.29,7.08,0.83,72.27,UI/UX Designer
STU012,23.0,Male,5.0,3.56,88.72,76.93,76.75,65.41,45.08,60.9,88.3,61.48,High,81.33,62.6,57.8,54.84,71.55,87.81,6.0,3.0,3.0,0.7,14.0,78.25,2.0,1.0,1.0,1599.0,77.11,48.36,6.91,6.76,1.11,96.09,Software Engineer
STU297,24.0,Female,7.0,3.0,86.4,54.06,81.66,66.31,52.65,39.85,74.69,31.68,High,73.57,55.22,87.77,55.9,70.67,85.85,1.0,7.0,1.0,0.0,16.0,67.09,4.0,0.0,4.0,1009.0,74.31,91.47,6.25,7.12,0.72,84.54,Cybersecurity Analyst
STU268,24.0,Female,5.0,3.08,81.26,74.53,83.98,58.39,55.89,44.07,73.61,43.14,High,66.47,69.19,63.54,57.71,67.86,76.81,1.0,6.0,1.0,0.5,15.0,67.75,1.0,0.0,4.0,1533.0,71.85,77.92,6.7,6.56,0.81,84.14,Cybersecurity Analyst
STU028,24.0,Male,5.0,3.78,83.53,80.83,88.88,79.65,51.83,48.69,82.25,55.29,High,70.46,54.4,79.46,72.75,93.63,74.08,5.0,3.0,4.0,0.3,16.0,85.7,0.0,2.0,3.0,1635.0,94.16,70.92,7.36,7.32,1.05,98.4,Software Engineer
STU220,23.0,Male,7.0,3.01,78.79,56.69,47.23,51.73,65.65,19.99,25.22,61.62,Low,62.27,68.88,73.75,73.43,86.7,59.73,6.0,2.0,3.0,1.1,5.0,84.45,1.0,0.0,3.0,703.0,74.37,70.36,4.63,7.12,1.04,68.91,UI/UX Designer
STU005,26.0,Male,7.0,3.39,91.74,97.11,95.39,68.29,53.11,52.28,80.67,58.56,High,66.11,63.57,75.78,88.21,72.81,84.21,6.0,3.0,3.0,0.9,11.0,83.36,2.0,0.0,3.0,1317.0,86.35,69.84,7.74,7.12,1.12,100.0,Software Engineer
STU123,23.0,Other,7.0,3.31,85.53,57.4,63.41,89.1,32.31,61.49,69.44,25.45,Medium,72.24,70.25,88.71,70.08,79.84,78.23,5.0,3.0,1.0,0.2,10.0,72.2,2.0,1.0,2.0,1287.0,65.12,69.85,6.17,7.69,0.69,87.25,Data Analyst
STU033,20.0,Female,4.0,3.75,78.26,87.4,70.91,79.19,42.6,41.38,77.16,42.05,High,73.47,67.53,76.77,65.92,59.17,85.03,4.0,2.0,5.0,0.3,10.0,61.63,3.0,1.0,1.0,1741.0,68.1,83.96,6.74,7.02,0.94,96.29,Software Engineer
STU205,22.0,Male,6.0,3.3,76.27,25.44,54.5,53.54,53.39,26.25,30.96,63.6,Low,69.12,97.79,70.89,86.19,77.02,71.39,3.0,3.0,0.0,0.4,6.0,88.54,1.0,0.0,3.0,549.0,56.23,68.46,4.18,7.82,0.51,65.09,UI/UX Designer
STU163,22.0,Male,7.0,3.02,72.97,47.16,59.6,72.42,81.25,40.92,40.24,92.28,Medium,71.97,68.62,63.88,54.71,56.26,68.93,3.0,1.0,1.0,0.2,26.0,59.91,1.0,0.0,1.0,707.0,77.27,77.06,5.75,6.52,0.73,78.82,Web Developer
STU210,22.0,Male,8.0,3.51,95.51,40.95,39.45,40.89,90.97,32.4,37.63,59.26,Low,78.53,74.54,69.65,69.7,63.65,70.55,2.0,4.0,0.0,0.0,2.0,81.78,0.0,1.0,2.0,457.0,70.34,62.74,4.65,7.24,0.33,69.91,UI/UX Designer
STU286,23.0,Female,8.0,3.19,75.29,66.85,82.72,68.61,56.06,38.76,56.21,39.79,High,79.18,67.48,63.91,72.02,78.12,70.34,4.0,5.0,2.0,0.7,11.0,65.7,1.0,0.0,1.0,1601.0,81.77,66.84,6.42,7.21,0.98,81.26,Cybersecurity Analyst
STU139,24.0,Male,5.0,3.36,86.82,63.49,74.54,94.13,54.19,66.32,66.36,28.86,Medium,48.28,67.92,73.58,61.67,84.91,84.0,5.0,4.0,2.0,0.7,9.0,83.05,0.0,1.0,2.0,892.0,82.16,78.22,7.02,6.54,0.95,93.73,Data Analyst
STU063,19.0,Male,7.0,3.31,87.47,62.03,77.57,70.17,46.31,89.32,83.37,46.22,High,66.75,76.38,85.07,72.78,79.56,68.93,3.0,5.0,2.0,0.2,23.0,65.99,2.0,0.0,2.0,1427.0,59.8,73.02,7.1,7.58,0.96,87.7,Machine Learning Engineer
STU136,22.0,Female,5.0,3.13,89.17,55.44,67.29,82.93,50.53,69.73,62.24,39.21,Medium,70.01,71.95,62.42,57.93,67.41,83.86,6.0,1.0,1.0,0.7,9.0,71.75,1.0,0.0,3.0,891.0,80.52,82.57,6.46,6.69,0.78,91.07,Data Analyst
STU129,20.0,Other,7.0,2.83,78.46,62.53,52.33,89.3,50.76,62.17,72.64,40.37,Medium,73.77,79.05,93.86,88.5,73.44,84.55,5.0,1.0,2.0,0.3,13.0,78.94,1.0,0.0,2.0,995.0,74.46,69.16,6.32,8.13,0.74,90.9,Data Analyst
STU291,21.0,Female,5.0,3.26,85.9,66.61,57.26,64.79,48.72,53.93,69.31,34.12,High,53.82,78.07,85.06,71.57,62.65,60.05,4.0,5.0,1.0,0.1,16.0,82.7,2.0,1.0,3.0,950.0,75.43,70.74,5.97,6.96,0.8,82.08,Cybersecurity Analyst
STU009,21.0,Male,4.0,3.25,92.14,94.36,90.43,59.91,69.18,66.22,92.23,39.81,High,62.92,72.44,79.75,53.88,71.4,84.73,3.0,3.0,5.0,0.6,20.0,100.0,5.0,2.0,4.0,1516.0,68.84,41.59,8.0,6.94,1.18,95.99,Software Engineer
STU071,21.0,Male,4.0,3.3,71.7,71.05,71.71,75.06,40.1,100.0,99.64,12.22,High,69.52,69.87,74.3,77.65,86.94,85.46,3.0,5.0,2.0,0.9,24.0,75.7,1.0,0.0,4.0,1172.0,66.37,83.67,7.44,7.42,1.19,93.84,Machine Learning Engineer
STU265,23.0,Female,6.0,3.18,75.49,71.2,70.06,63.64,53.43,35.95,68.68,59.31,High,59.53,55.35,88.27,77.1,59.1,72.9,4.0,6.0,5.0,0.5,16.0,60.68,1.0,0.0,3.0,1047.0,79.85,76.14,6.16,6.76,1.29,86.04,Cybersecurity Analyst
STU065,25.0,Male,7.0,3.69,86.15,76.79,90.41,77.01,44.33,93.04,99.91,23.29,High,84.48,56.63,62.61,65.26,75.78,79.48,4.0,3.0,4.0,0.4,15.0,86.15,2.0,0.0,3.0,1522.0,77.24,85.23,8.01,7.02,1.01,96.36,Machine Learning Engineer
STU045,23.0,Male,8.0,3.07,78.37,87.04,96.68,65.88,48.9,47.78,95.18,40.5,High,61.8,59.83,51.06,72.07,75.39,77.29,7.0,2.0,2.0,1.0,16.0,95.92,0.0,0.0,1.0,1516.0,98.1,57.01,7.55,6.18,1.15,97.44,Software Engineer
STU280,19.0,Male,6.0,3.46,99.99,68.57,85.73,76.17,53.07,52.87,58.69,45.38,High,63.77,68.16,72.78,73.38,80.81,89.47,4.0,3.0,0.0,0.3,10.0,73.63,0.0,0.0,4.0,1062.0,81.3,84.61,6.83,7.04,0.59,89.16,Cybersecurity Analyst
STU157,22.0,Male,4.0,2.5,57.29,57.27,82.21,35.61,85.73,33.03,57.03,99.5,Medium,90.62,75.53,66.29,67.06,74.43,75.66,6.0,2.0,2.0,0.3,14.0,89.85,0.0,0.0,3.0,902.0,72.8,68.04,6.09,7.67,0.86,75.21,Web Developer
STU041,25.0,Female,7.0,3.28,79.06,85.78,80.31,62.27,64.17,38.11,84.56,49.36,High,62.93,71.02,65.72,65.19,64.71,71.63,6.0,3.0,3.0,1.0,21.0,95.15,1.0,0.0,3.0,1288.0,76.14,58.66,7.04,6.57,1.3,94.59,Software Engineer
STU124,22.0,Male,5.0,3.03,83.05,52.03,62.39,95.02,43.07,73.19,78.5,19.88,Medium,64.43,85.04,59.72,54.09,74.91,78.55,1.0,3.0,2.0,0.3,5.0,88.14,1.0,2.0,2.0,1254.0,84.7,67.72,6.55,6.79,0.53,90.35,Data Analyst
STU276,21.0,Female,6.0,3.16,90.24,68.07,69.98,50.86,50.2,44.47,75.23,40.69,High,56.88,73.36,55.29,54.94,59.87,87.55,2.0,5.0,2.0,0.6,11.0,89.54,1.0,1.0,2.0,1338.0,91.11,81.82,6.05,6.0,0.85,84.64,Cybersecurity Analyst
STU217,21.0,Female,6.0,2.61,74.75,43.75,49.4,43.87,62.94,33.9,46.01,73.57,Low,59.55,71.4,56.48,51.53,65.35,53.23,4.0,2.0,0.0,0.2,4.0,83.5,0.0,0.0,2.0,629.0,54.66,56.03,4.68,6.12,0.42,58.12,UI/UX Designer
STU154,22.0,Male,6.0,3.32,89.24,55.9,61.41,70.17,87.26,26.05,64.7,85.55,Medium,67.59,88.53,78.44,72.88,85.66,56.94,6.0,4.0,0.0,0.6,19.0,68.72,2.0,0.0,1.0,790.0,63.3,90.31,6.05,7.77,0.96,77.89,Web Developer
STU024,24.0,Female,6.0,3.47,78.16,81.11,91.33,55.96,58.76,32.68,86.02,57.36,High,92.98,55.32,58.71,84.86,64.96,84.88,8.0,4.0,3.0,0.4,22.0,60.37,0.0,1.0,3.0,1728.0,81.04,64.55,6.98,7.19,1.29,99.23,Software Engineer
STU262,24.0,Female,6.0,3.11,88.17,73.05,82.08,81.41,43.06,44.01,67.82,20.45,High,75.41,74.19,68.24,57.13,84.69,76.76,3.0,5.0,1.0,0.5,15.0,81.31,2.0,1.0,4.0,1179.0,69.59,69.03,6.72,7.29,0.85,83.95,Cybersecurity Analyst
STU111,25.0,Male,8.0,3.1,93.32,61.86,70.54,91.79,50.9,70.27,76.35,37.3,Medium,83.32,75.94,67.74,71.47,81.78,80.44,6.0,3.0,4.0,1.0,9.0,84.27,0.0,2.0,3.0,1267.0,82.47,61.77,6.96,7.65,1.21,94.59,Data Analyst
STU082,25.0,Male,7.0,3.32,87.07,68.36,78.03,58.97,46.6,78.09,82.62,31.94,High,81.7,70.34,61.28,77.66,73.99,78.03,1.0,4.0,1.0,0.9,17.0,81.92,0.0,0.0,4.0,1619.0,87.7,59.13,6.9,7.28,0.85,96.33,Machine Learning Engineer
STU208,22.0,Male,7.0,2.99,79.08,34.68,54.71,35.42,79.92,28.16,22.92,62.34,Low,68.6,64.78,64.15,65.13,77.41,62.46,6.0,3.0,0.0,0.2,8.0,97.71,1.0,3.0,1.0,671.0,68.0,59.37,4.44,6.77,0.63,66.87,UI/UX Designer
STU213,24.0,Male,7.0,3.27,56.05,46.16,50.85,57.75,64.96,41.67,25.86,69.0,Low,79.11,81.85,82.96,89.64,81.65,72.03,6.0,3.0,2.0,1.1,4.0,74.75,2.0,0.0,1.0,494.0,59.94,68.63,4.92,8.21,1.0,65.05,UI/UX Designer
STU040,21.0,Female,4.0,3.26,77.63,88.21,74.24,81.81,70.84,62.74,86.82,51.39,High,79.81,75.12,73.2,56.33,98.29,64.2,2.0,4.0,4.0,0.7,11.0,67.35,1.0,0.0,4.0,1438.0,78.52,83.12,7.72,7.76,0.99,92.72,Software Engineer
STU241,21.0,Female,6.0,2.96,70.86,56.97,52.82,20.92,67.48,15.5,25.49,39.89,Low,70.6,51.75,72.83,60.02,87.02,66.78,6.0,1.0,2.0,0.6,6.0,77.79,0.0,0.0,2.0,614.0,86.03,88.11,4.27,6.88,0.78,67.45,UI/UX Designer
STU292,22.0,Female,4.0,3.3,78.8,71.06,65.74,59.54,61.52,40.15,71.15,29.24,High,80.47,75.74,67.04,63.48,66.49,78.59,1.0,7.0,2.0,0.4,14.0,70.28,2.0,1.0,7.0,1752.0,63.12,59.81,6.19,7.24,0.89,78.0,Cybersecurity Analyst
STU259,23.0,Female,8.0,3.06,79.8,63.44,88.09,68.61,52.78,43.1,75.35,42.62,High,59.8,56.55,69.03,78.85,61.66,82.65,1.0,6.0,1.0,0.2,9.0,73.85,3.0,1.0,5.0,1359.0,58.5,82.36,6.69,6.36,0.62,80.94,Cybersecurity Analyst
STU200,21.0,Other,7.0,3.24,80.05,53.53,71.08,52.58,84.21,34.2,56.01,91.3,Medium,90.13,62.72,76.32,62.27,47.39,53.79,4.0,4.0,2.0,0.5,15.0,65.47,1.0,0.0,5.0,790.0,62.16,72.07,5.97,7.2,0.94,70.55,Web Developer
STU015,24.0,Male,6.0,3.23,70.53,87.23,86.26,86.44,56.81,40.53,81.67,46.85,High,68.08,68.57,49.17,63.78,72.42,72.1,6.0,2.0,3.0,0.5,20.0,72.53,2.0,0.0,1.0,1254.0,84.81,79.15,7.47,6.37,1.09,94.27,Software Engineer
STU048,24.0,Male,7.0,3.78,85.27,80.94,86.58,72.81,76.9,56.6,82.36,60.42,High,69.95,72.46,64.97,58.31,61.36,56.63,4.0,3.0,2.0,0.6,15.0,84.33,2.0,2.0,2.0,1410.0,69.42,77.07,7.7,6.68,0.92,95.05,Software Engineer
STU095,23.0,Male,4.0,3.89,75.52,64.47,85.32,66.59,29.5,93.75,80.17,54.29,High,73.82,53.99,72.6,62.8,63.65,68.51,3.0,3.0,3.0,0.0,11.0,81.77,0.0,0.0,3.0,1144.0,74.02,69.31,7.07,6.69,0.7,91.92,Machine Learning Engineer
STU264,23.0,Male,4.0,3.22,80.12,75.9,81.14,66.15,53.31,45.85,75.48,43.13,High,70.81,72.85,74.67,69.57,85.43,72.71,2.0,6.0,2.0,0.3,11.0,58.2,3.0,1.0,3.0,1292.0,59.16,76.65,6.78,7.43,0.81,79.14,Cybersecurity Analyst
STU228,21.0,Male,4.0,3.05,73.23,39.77,55.91,45.3,65.42,21.69,43.18,68.17,Low,76.08,60.45,70.98,82.36,65.39,35.49,3.0,2.0,0.0,0.6,4.0,87.45,1.0,1.0,1.0,553.0,71.88,58.27,4.61,7.07,0.49,59.54,UI/UX Designer
STU274,23.0,Female,5.0,3.25,83.38,63.61,81.94,62.07,48.51,51.29,72.62,45.63,High,71.88,72.53,77.02,50.3,66.03,69.67,3.0,6.0,0.0,0.6,17.0,56.77,1.0,0.0,2.0,1664.0,75.55,71.97,6.47,7.03,0.89,84.97,Cybersecurity Analyst
STU202,21.0,Male,4.0,3.11,80.16,42.22,53.43,48.26,67.69,33.5,38.83,64.07,Low,71.58,54.44,62.82,74.81,59.89,69.15,4.0,4.0,0.0,0.7,8.0,84.05,1.0,0.0,3.0,883.0,62.36,78.7,4.81,6.45,0.73,64.67,UI/UX Designer
STU162,20.0,Male,5.0,3.34,63.29,44.48,70.33,53.11,86.03,5.76,42.05,93.21,Medium,61.85,78.72,64.82,63.66,86.42,68.19,4.0,4.0,2.0,1.3,8.0,78.09,0.0,0.0,3.0,788.0,74.74,70.38,5.24,6.98,1.07,77.02,Web Developer
STU044,23.0,Female,7.0,3.36,89.11,72.62,93.48,72.43,62.66,53.38,79.3,67.14,High,77.34,57.61,77.03,68.92,72.3,73.2,4.0,4.0,2.0,1.1,18.0,81.09,2.0,1.0,4.0,1840.0,76.33,73.06,7.41,7.17,1.16,95.78,Software Engineer
STU218,22.0,Male,6.0,3.06,85.07,47.74,52.49,43.49,75.21,31.96,30.83,65.67,Low,71.0,89.05,59.9,74.05,71.59,66.98,3.0,2.0,0.0,0.9,9.0,71.69,1.0,2.0,3.0,876.0,98.44,74.02,4.84,7.22,0.66,70.5,UI/UX Designer
STU146,21.0,Male,5.0,3.34,83.35,70.44,63.41,77.75,48.32,78.05,85.26,31.22,Medium,84.9,59.9,67.35,54.98,57.51,75.16,6.0,1.0,2.0,1.0,13.0,63.56,2.0,1.0,0.0,1570.0,79.15,76.48,6.91,6.84,1.0,90.6,Data Analyst
STU191,20.0,Male,5.0,2.88,100.0,48.85,68.68,55.25,88.45,25.68,67.73,84.15,Medium,59.62,54.46,79.34,40.07,69.65,57.39,2.0,2.0,2.0,0.4,17.0,76.4,4.0,3.0,3.0,552.0,62.81,95.46,5.91,6.31,0.73,74.02,Web Developer
STU221,22.0,Male,6.0,2.99,78.78,33.23,34.73,43.63,86.04,31.67,43.27,76.96,Low,74.72,74.5,58.01,68.55,71.99,72.21,4.0,2.0,0.0,0.7,11.0,82.31,2.0,2.0,5.0,1004.0,73.0,66.1,4.39,6.95,0.68,68.95,UI/UX Designer
STU252,22.0,Male,5.0,3.49,85.1,71.46,79.41,71.49,58.25,49.95,57.09,39.39,High,71.82,71.29,75.13,41.42,83.55,73.91,4.0,4.0,2.0,0.7,15.0,70.95,2.0,0.0,1.0,1551.0,58.71,72.89,6.68,7.13,0.99,81.53,Cybersecurity Analyst
STU004,25.0,Male,4.0,3.48,82.04,82.68,93.81,64.38,56.72,41.08,74.76,57.96,High,67.65,53.85,67.79,60.89,63.98,68.59,5.0,3.0,2.0,0.4,13.0,88.87,0.0,1.0,2.0,1700.0,87.9,72.39,7.18,6.37,0.88,97.21,Software Engineer
STU106,22.0,Male,7.0,3.31,82.46,62.41,76.58,96.8,57.7,66.3,82.26,36.12,Medium,87.58,81.66,79.45,62.96,72.4,73.82,3.0,1.0,3.0,0.7,11.0,73.64,2.0,2.0,2.0,1184.0,85.94,79.31,7.3,7.96,0.81,86.55,Data Analyst
STU054,19.0,Female,4.0,3.04,98.37,65.01,67.16,60.85,35.3,86.83,91.52,4.98,High,64.93,42.83,57.5,94.81,64.97,65.89,4.0,3.0,2.0,0.7,21.0,56.25,2.0,1.0,6.0,1323.0,66.33,85.59,6.64,6.16,1.03,83.66,Machine Learning Engineer
STU134,19.0,Male,6.0,3.61,80.62,59.45,52.76,86.8,50.35,78.31,79.24,43.36,Medium,68.52,80.87,59.9,70.15,64.83,90.25,3.0,4.0,1.0,1.0,8.0,77.28,1.0,0.0,3.0,1200.0,73.3,85.0,6.53,6.84,0.85,91.94,Data Analyst
STU002,24.0,Male,8.0,3.42,80.59,79.29,81.05,74.53,52.96,31.22,82.53,50.39,High,82.01,74.98,70.28,54.11,83.89,87.1,8.0,2.0,1.0,0.6,23.0,81.44,0.0,1.0,3.0,1147.0,82.66,81.86,6.82,7.52,1.1,100.0,Software Engineer
STU132,21.0,Female,4.0,3.04,72.54,61.4,66.23,99.65,25.63,66.74,60.33,29.97,Medium,79.13,70.56,79.96,58.62,71.29,96.29,3.0,1.0,3.0,0.6,8.0,79.0,1.0,0.0,3.0,939.0,56.03,89.95,6.37,7.44,0.74,84.93,Data Analyst
STU104,23.0,Male,8.0,2.95,82.9,64.54,70.87,86.18,44.66,74.5,71.9,32.02,Medium,66.65,72.99,77.63,74.49,66.92,78.99,5.0,4.0,1.0,0.1,15.0,77.25,0.0,0.0,0.0,1215.0,75.39,52.23,6.86,7.15,0.79,87.64,Data Analyst
STU050,26.0,Female,7.0,3.69,98.16,90.89,83.76,62.45,48.76,33.58,88.75,55.49,High,51.7,71.8,60.81,74.47,69.28,87.89,3.0,2.0,2.0,0.8,21.0,76.0,1.0,2.0,5.0,1267.0,76.5,74.27,6.97,6.29,0.96,100.0,Software Engineer
STU081,25.0,Male,8.0,2.91,82.8,74.42,82.38,54.43,45.82,89.56,87.31,19.91,High,54.35,68.95,69.37,73.15,68.98,86.8,5.0,3.0,4.0,0.7,13.0,80.92,6.0,0.0,4.0,1479.0,69.63,70.71,7.27,6.51,1.12,87.45,Machine Learning Engineer
STU206,21.0,Male,5.0,2.7,71.04,54.97,38.19,59.53,75.5,30.74,39.76,85.24,Low,62.45,68.32,54.74,65.27,88.94,56.73,4.0,3.0,2.0,0.7,10.0,94.25,5.0,1.0,4.0,910.0,47.76,75.51,4.94,6.6,0.87,57.64,UI/UX Designer
STU035,19.0,Male,4.0,3.68,89.84,84.12,83.29,77.21,58.61,41.36,90.27,51.8,High,56.65,79.09,57.38,79.06,92.28,67.74,1.0,2.0,2.0,1.2,23.0,71.12,2.0,0.0,0.0,1950.0,68.75,82.75,7.33,6.89,1.01,98.58,Software Engineer
STU092,22.0,Male,8.0,4.0,79.79,73.88,81.23,53.66,17.64,90.46,89.07,33.36,High,64.86,56.53,68.88,66.93,72.53,93.64,4.0,3.0,2.0,1.1,15.0,75.76,1.0,2.0,5.0,1264.0,90.67,91.23,6.83,6.56,1.06,97.24,Machine Learning Engineer
STU053,20.0,Other,7.0,3.12,89.91,56.4,81.7,65.96,31.14,84.07,90.74,18.02,High,71.15,62.42,55.08,75.23,65.15,72.61,5.0,2.0,2.0,0.7,23.0,63.8,1.0,0.0,5.0,1278.0,77.82,92.61,6.8,6.49,1.06,89.91,Machine Learning Engineer
STU242,21.0,Other,5.0,3.25,86.54,46.56,37.27,29.33,75.63,28.13,46.29,75.6,Low,35.75,72.45,80.63,49.74,72.09,53.12,6.0,3.0,2.0,0.3,10.0,85.73,2.0,1.0,4.0,356.0,68.98,63.57,4.32,6.12,0.85,63.08,UI/UX Designer
STU014,21.0,Male,5.0,3.69,87.16,92.86,88.69,79.43,60.68,65.61,97.29,52.51,High,83.69,58.35,78.86,77.7,54.41,85.36,1.0,1.0,3.0,0.6,24.0,87.82,1.0,1.0,4.0,1566.0,67.56,62.17,8.13,7.24,0.88,99.83,Software Engineer
STU089,24.0,Male,6.0,3.71,76.17,64.36,74.94,66.8,35.46,89.97,90.14,29.25,High,65.69,75.98,62.13,54.44,59.4,82.75,3.0,2.0,2.0,1.0,18.0,79.67,3.0,0.0,3.0,1604.0,69.84,82.49,6.95,6.48,0.98,89.02,Machine Learning Engineer
STU167,25.0,Male,4.0,3.33,72.3,53.46,76.19,49.18,86.99,37.25,69.44,86.96,Medium,91.17,63.85,78.44,66.99,98.05,54.29,4.0,3.0,1.0,0.9,19.0,68.91,1.0,1.0,3.0,522.0,63.98,76.3,6.27,8.11,0.98,72.35,Web Developer
STU295,22.0,Female,6.0,3.35,89.92,57.9,81.53,80.25,51.55,47.33,63.76,37.58,High,74.46,86.18,72.98,51.54,61.07,76.27,4.0,6.0,1.0,0.9,12.0,58.19,3.0,2.0,0.0,701.0,70.57,86.34,6.52,7.21,1.03,83.8,Cybersecurity Analyst
STU135,20.0,Male,5.0,3.39,74.9,68.85,76.97,85.03,40.02,79.2,77.37,47.68,Medium,56.67,52.48,78.62,79.26,90.49,85.15,5.0,3.0,1.0,0.7,6.0,70.83,0.0,1.0,4.0,1193.0,80.1,82.43,7.14,6.87,0.78,92.02,Data Analyst
STU288,26.0,Male,8.0,3.66,62.39,76.56,72.41,47.42,62.69,46.9,66.96,48.57,High,74.34,53.73,76.99,66.54,78.36,95.21,1.0,4.0,1.0,0.1,16.0,66.19,1.0,0.0,3.0,1260.0,73.48,69.01,6.37,7.07,0.6,82.93,Cybersecurity Analyst
STU244,22.0,Male,4.0,2.74,75.04,25.1,52.86,44.18,76.75,20.46,36.52,71.75,Low,78.6,61.33,69.91,52.58,90.2,74.78,4.0,3.0,1.0,1.0,0.0,95.7,1.0,2.0,3.0,631.0,57.4,79.21,4.31,7.21,0.73,62.42,UI/UX Designer
STU055,22.0,Male,8.0,3.6,73.34,76.18,88.72,67.37,34.58,88.87,86.93,22.92,High,47.91,59.12,68.93,83.26,67.09,72.84,3.0,5.0,1.0,0.6,15.0,82.08,3.0,1.0,2.0,1346.0,58.42,79.12,7.47,6.18,0.89,92.19,Machine Learning Engineer
STU051,22.0,Male,5.0,2.91,78.68,63.56,82.18,62.17,43.04,98.85,91.75,26.96,High,83.06,67.09,49.6,59.02,81.93,79.61,2.0,4.0,2.0,0.5,10.0,91.15,2.0,1.0,4.0,1235.0,68.28,79.46,7.3,6.89,0.76,88.0,Machine Learning Engineer
STU175,20.0,Male,6.0,2.77,78.16,44.75,56.32,46.61,82.64,25.73,44.53,94.11,Medium,90.0,73.54,76.51,87.29,84.46,82.17,5.0,1.0,1.0,0.5,20.0,73.61,1.0,0.0,3.0,1172.0,73.38,79.65,5.07,8.22,0.83,72.71,Web Developer
STU190,21.0,Male,6.0,2.81,72.72,47.38,78.88,35.25,91.33,39.45,48.78,94.69,Medium,62.25,77.51,54.55,84.68,68.95,82.46,7.0,2.0,3.0,0.4,18.0,70.85,2.0,2.0,0.0,916.0,64.54,80.15,5.9,6.66,1.08,74.46,Web Developer
STU299,22.0,Male,8.0,2.94,80.96,66.43,90.94,73.01,45.43,37.25,78.97,41.74,High,65.93,59.76,82.15,74.38,80.39,67.85,1.0,4.0,1.0,0.6,16.0,62.17,1.0,2.0,1.0,1337.0,69.52,82.25,6.73,7.18,0.75,81.8,Cybersecurity Analyst
STU188,23.0,Female,6.0,3.19,74.91,54.3,75.14,41.45,94.04,24.3,51.42,100.0,Medium,47.95,81.9,58.55,52.96,68.69,64.35,7.0,2.0,2.0,1.1,21.0,69.21,0.0,1.0,2.0,952.0,67.38,88.16,5.88,6.1,1.25,71.53,Web Developer
STU170,22.0,Female,5.0,3.01,77.15,62.79,74.51,69.18,80.67,40.72,65.12,81.59,Medium,53.8,65.25,80.73,60.31,74.42,64.27,5.0,2.0,2.0,0.4,12.0,78.94,1.0,1.0,4.0,1043.0,71.61,76.49,6.63,6.66,0.81,72.74,Web Developer
STU059,25.0,Female,7.0,3.91,62.91,79.01,77.64,45.82,52.62,82.57,86.73,24.04,High,100.0,78.56,74.23,64.34,74.86,86.64,4.0,5.0,2.0,0.3,11.0,63.98,0.0,1.0,3.0,1130.0,72.63,79.21,7.1,8.19,0.86,95.99,Machine Learning Engineer
STU049,22.0,Male,8.0,3.38,76.97,94.39,81.79,64.31,60.74,58.97,85.4,48.53,High,76.02,60.91,66.9,78.94,64.32,71.7,5.0,3.0,2.0,1.2,19.0,96.29,0.0,0.0,3.0,1903.0,60.37,59.54,7.55,6.93,1.21,91.59,Software Engineer
STU236,24.0,Male,8.0,3.04,68.67,31.99,38.16,30.35,64.91,7.2,40.45,81.43,Low,63.57,63.41,61.82,75.32,80.1,67.31,6.0,4.0,1.0,0.9,4.0,75.42,1.0,1.0,5.0,774.0,62.51,62.45,3.54,6.68,0.91,65.56,UI/UX Designer
STU253,25.0,Other,5.0,2.95,85.86,68.79,87.68,69.58,67.4,46.21,74.44,37.59,High,65.64,74.45,66.3,62.9,71.05,78.02,2.0,5.0,1.0,0.1,16.0,64.17,1.0,0.0,5.0,1280.0,70.08,84.77,7.06,6.81,0.7,82.67,Cybersecurity Analyst
STU022,24.0,Male,5.0,3.58,86.74,80.32,85.75,75.69,64.44,41.39,93.12,44.19,High,66.9,71.26,59.49,76.09,70.15,57.73,6.0,4.0,2.0,1.1,14.0,87.5,0.0,2.0,3.0,1427.0,96.23,68.77,7.4,6.73,1.2,100.0,Software Engineer
STU161,23.0,Male,8.0,3.23,70.78,44.21,69.54,67.94,97.36,52.24,71.38,100.0,Medium,60.0,81.96,72.52,66.51,66.51,65.8,6.0,3.0,2.0,0.5,17.0,78.2,2.0,3.0,3.0,183.0,53.54,69.71,6.6,6.91,1.01,72.08,Web Developer
STU277,23.0,Female,7.0,3.58,77.73,72.46,66.07,60.13,54.86,53.1,76.29,42.45,High,66.11,42.05,71.07,71.96,74.85,73.54,4.0,6.0,3.0,0.2,7.0,51.89,2.0,0.0,0.0,1083.0,68.3,67.76,6.39,6.44,0.91,84.43,Cybersecurity Analyst
STU192,24.0,Other,5.0,3.31,81.96,54.72,67.95,67.0,84.71,26.91,50.27,92.99,Medium,68.76,54.59,68.81,82.74,82.13,72.03,5.0,5.0,1.0,0.8,15.0,65.32,1.0,1.0,2.0,795.0,65.07,76.94,5.98,6.93,1.04,77.67,Web Developer
STU258,21.0,Female,6.0,3.17,88.66,66.08,55.05,74.17,47.14,33.67,74.61,64.64,High,60.12,51.13,81.14,71.55,67.34,62.7,1.0,3.0,2.0,0.6,11.0,71.26,2.0,0.0,8.0,1077.0,74.61,91.06,5.77,6.58,0.7,79.63,Cybersecurity Analyst
STU150,22.0,Female,4.0,3.42,84.19,56.38,73.29,95.27,55.31,69.33,74.82,24.37,Medium,98.44,78.87,75.15,64.5,82.01,94.48,5.0,3.0,2.0,1.2,13.0,80.67,2.0,0.0,3.0,1032.0,77.5,64.84,7.01,8.28,1.11,91.1,Data Analyst
STU131,22.0,Male,7.0,3.27,91.54,61.73,73.05,81.24,56.28,71.24,72.31,34.8,Medium,59.23,60.37,82.36,57.85,81.01,94.23,3.0,2.0,2.0,0.0,17.0,69.52,1.0,0.0,3.0,707.0,71.39,90.99,6.92,6.84,0.67,91.12,Data Analyst
STU152,22.0,Male,6.0,3.62,75.88,54.83,70.88,59.27,82.51,37.92,57.94,90.31,Medium,82.08,81.07,80.56,53.42,75.59,64.88,2.0,1.0,1.0,0.6,24.0,69.78,1.0,1.0,3.0,957.0,75.52,93.58,6.14,7.77,0.77,76.41,Web Developer
STU100,23.0,Female,8.0,3.6,93.86,63.46,66.57,69.65,51.42,83.25,88.0,20.83,High,77.03,78.36,80.2,65.0,82.83,77.64,6.0,5.0,4.0,0.6,5.0,68.65,1.0,1.0,3.0,1440.0,65.99,81.45,6.88,7.78,1.12,93.05,Machine Learning Engineer
STU088,19.0,Female,6.0,3.73,85.48,66.67,70.09,56.4,52.57,84.79,91.79,22.69,High,88.49,66.24,78.69,66.18,84.96,93.58,5.0,3.0,2.0,1.0,23.0,64.05,1.0,1.0,3.0,1409.0,75.76,66.81,6.91,7.88,1.21,95.59,Machine Learning Engineer
STU215,23.0,Female,6.0,3.11,86.32,42.44,39.0,44.1,78.31,25.12,35.31,66.4,Low,76.59,64.2,87.98,74.02,86.05,61.44,5.0,5.0,0.0,0.5,4.0,85.99,2.0,1.0,4.0,1079.0,63.93,77.47,4.39,7.81,0.71,65.33,UI/UX Designer
STU122,21.0,Male,5.0,3.12,94.03,84.13,68.02,87.4,29.04,63.92,73.99,27.85,Medium,70.29,69.18,65.26,79.13,69.87,88.02,1.0,3.0,3.0,1.0,4.0,89.69,1.0,0.0,5.0,790.0,78.66,68.79,6.83,6.96,0.8,89.71,Data Analyst
STU300,23.0,Female,8.0,2.94,75.75,76.77,70.14,63.68,66.86,46.31,65.7,23.2,High,89.78,59.52,72.51,69.45,83.07,90.25,2.0,5.0,2.0,0.0,14.0,63.29,1.0,0.0,4.0,980.0,79.08,74.08,6.6,7.64,0.72,81.81,Cybersecurity Analyst
STU021,20.0,Male,5.0,3.85,60.79,77.98,84.72,69.74,54.57,37.87,85.75,52.45,High,80.92,80.46,51.27,60.89,68.29,78.96,3.0,3.0,2.0,0.8,14.0,77.11,0.0,0.0,1.0,1505.0,78.79,59.92,6.97,6.95,0.91,96.24,Software Engineer
STU189,22.0,Female,4.0,2.92,69.68,40.33,70.45,55.91,89.12,39.2,65.19,87.03,Medium,76.99,82.49,68.85,62.1,86.67,66.87,6.0,3.0,2.0,0.8,30.0,73.12,1.0,2.0,2.0,981.0,62.81,79.06,5.98,7.6,1.3,71.85,Web Developer
STU072,21.0,Male,4.0,3.1,76.69,68.75,74.16,61.28,45.02,94.7,97.24,26.4,High,72.6,58.36,62.43,69.13,71.51,80.76,2.0,3.0,3.0,0.6,16.0,78.41,0.0,1.0,6.0,1042.0,62.51,74.33,7.22,6.67,0.91,90.52,Machine Learning Engineer
STU107,22.0,Male,5.0,3.06,82.66,76.98,79.86,87.38,32.61,86.77,87.76,41.79,Medium,68.4,71.31,86.51,75.55,61.23,82.79,4.0,3.0,0.0,0.0,7.0,72.57,1.0,1.0,1.0,1213.0,69.63,87.76,7.52,7.31,0.46,86.04,Data Analyst
STU271,24.0,Male,8.0,3.55,89.6,86.01,70.38,68.3,38.08,35.71,79.06,43.66,High,49.1,56.04,74.74,44.63,61.46,45.92,2.0,6.0,2.0,0.4,8.0,69.88,0.0,0.0,5.0,1307.0,79.24,88.27,6.4,5.83,0.8,80.67,Cybersecurity Analyst
STU103,21.0,Male,6.0,3.06,82.29,64.63,58.35,94.57,49.34,64.35,82.19,40.6,Medium,65.07,94.34,77.32,67.24,76.73,72.46,3.0,3.0,2.0,0.0,13.0,77.62,0.0,0.0,4.0,1113.0,72.88,87.79,6.7,7.6,0.66,84.95,Data Analyst
STU_EMPTY_1,,,,,,,,,,,,,,,,,,,,,,,,,,,,,,,,,,,,
STU_EMPTY_2,,,,,,,,,,,,,,,,,,,,,,,,,,,,,,,,,,,,
STU_EMPTY_3,,,,,,,,,,,,,,,,,,,,,,,,,,,,,,,,,,,,
STU234,24.0,Other,8.0,3.01,84.85,33.41,44.71,24.72,77.51,31.55,33.08,71.02,Low,79.62,62.51,63.65,44.33,73.23,60.19,3.0,3.0,0.0,0.7,11.0,95.02,2.0,1.0,2.0,757.0,64.93,78.52,4.12,6.77,0.68,65.83,UI/UX Designer
STU212,24.0,Male,4.0,2.97,69.83,46.13,41.69,43.69,59.82,36.38,29.45,65.1,Low,58.47,77.68,75.99,77.6,75.25,75.89,2.0,3.0,1.0,0.7,10.0,74.17,2.0,1.0,1.0,727.0,78.17,75.43,4.36,7.11,0.69,65.53,UI/UX Designer
STU279,22.0,Female,5.0,3.52,83.58,68.41,71.75,65.77,33.85,30.54,72.9,32.03,High,76.07,82.11,68.9,58.11,80.72,80.65,2.0,6.0,1.0,0.7,13.0,80.28,1.0,1.0,4.0,1280.0,70.56,79.1,5.84,7.44,0.89,85.6,Cybersecurity Analyst
STU056,21.0,Male,4.0,4.0,70.45,71.28,70.81,70.13,31.34,93.82,92.14,23.54,High,79.19,78.01,65.29,81.71,69.5,89.17,4.0,3.0,1.0,0.0,20.0,90.86,2.0,0.0,2.0,1455.0,82.48,76.89,7.05,7.43,0.73,94.91,Machine Learning Engineer
STU005,26.0,Male,7.0,3.39,91.74,97.11,95.39,68.29,53.11,52.28,80.67,58.56,High,66.11,63.57,75.78,88.21,72.81,84.21,6.0,3.0,3.0,0.9,11.0,83.36,2.0,0.0,3.0,1317.0,86.35,69.84,7.74,7.12,1.12,100.0,Software Engineer
